,time,meanWaitTime
0,656.0,96.25
0,858.0,257.4
0,909.0,308.4
0,963.0,362.4
0,979.0,378.4
0,1074.0,409.8333333333333
0,1175.0,510.8333333333333
0,1234.0,569.8333333333334
0,1268.0,603.8333333333334
0,1349.0,684.8333333333334
0,1417.0,752.8333333333334
0,1473.0,805.4
0,1483.0,815.4
0,1487.0,819.4
0,1510.0,842.4
0,1566.0,898.4
0,1569.0,901.4
0,1581.0,913.4
0,1670.0,841.3333333333334
0,1688.0,859.3333333333334
0,1798.0,969.3333333333334
0,1841.0,1012.3333333333334
0,1857.0,1028.3333333333333
0,1861.0,1032.3333333333333
0,1877.0,1048.3333333333333
0,1912.0,1083.3333333333333
0,1983.0,996.1428571428571
0,1992.0,1005.1428571428571
0,2012.0,1025.142857142857
0,2038.0,1159.0
0,2081.0,1202.0
0,2084.0,1205.0
0,2102.0,1223.0
0,2111.0,1232.0
0,2160.0,1281.0
0,2175.0,1296.0
0,2185.0,1306.0
0,2200.0,1321.0
0,2277.0,1201.5714285714287
0,2316.0,1240.5714285714287
0,2332.0,1256.5714285714287
0,2343.0,1267.5714285714287
0,2357.0,1281.5714285714287
0,2401.0,1162.125
0,2416.0,1177.125
0,2417.0,1178.125
0,2440.0,1133.2857142857142
0,2463.0,1156.2857142857142
0,2478.0,1171.2857142857142
0,2506.0,1199.2857142857142
0,2511.0,1309.1666666666667
0,2512.0,1310.1666666666667
0,2584.0,1382.1666666666667
0,2595.0,1393.1666666666667
0,2602.0,1272.2
0,2639.0,1094.8333333333333
0,2652.0,950.0
0,2661.0,959.0
0,2665.0,963.0
0,2680.0,1070.0
0,2727.0,1117.0
0,2749.0,1139.0
0,2764.0,1154.0
0,2781.0,1171.0
0,2806.0,1026.5714285714287
0,2808.0,1028.5714285714287
0,2813.0,1118.1666666666667
0,2835.0,878.8
0,2863.0,758.8333333333334
0,2942.0,837.8333333333334
0,2950.0,845.8333333333334
0,2986.0,881.8333333333334
0,2987.0,882.8333333333334
0,3001.0,896.8333333333334
0,3013.0,1011.2
0,3057.0,1055.2
0,3065.0,1063.2
0,3077.0,897.6666666666666
0,3078.0,898.6666666666666
0,3160.0,845.0
0,3163.0,848.0
0,3169.0,575.1666666666666
0,3180.0,586.1666666666666
0,3203.0,609.1666666666666
0,3206.0,612.1666666666666
0,3208.0,614.1666666666666
0,3214.0,660.6
0,3234.0,680.6
0,3280.0,333.75
0,3282.0,335.75
0,3310.0,363.75
0,3339.0,392.75
0,3368.0,421.75
0,3378.0,431.75
0,3386.0,439.75
0,3391.0,444.75
0,3407.0,426.6666666666667
0,3413.0,324.75
0,3462.0,366.6666666666667
0,3467.0,371.6666666666667
0,3489.0,218.5
0,3528.0,257.5
0,3534.0,263.5
0,3553.0,282.5
0,3558.0,287.5
0,3584.0,455.0
0,3586.0,457.0
0,3588.0,459.0
0,3592.0,463.0
0,3601.0,472.0
0,3620.0,255.0
0,3630.0,265.0
0,3656.0,199.66666666666666
0,3658.0,201.66666666666666
0,3667.0,142.0
0,3674.0,149.0
0,3697.0,77.0
0,3726.0,106.0
0,3732.0,112.0
0,3763.0,99.0
0,3770.0,106.0
0,3783.0,119.0
0,3784.0,120.0
0,3794.0,130.0
0,3811.0,147.0
0,3831.0,167.0
0,3844.0,148.5
0,3874.0,178.5
0,3882.0,186.5
0,3886.0,190.5
0,3914.0,153.0
0,3941.0,180.0
0,3955.0,148.5
0,3956.0,149.5
0,3979.0,172.5
0,3981.0,174.5
0,3982.0,175.5
0,3995.0,188.5
0,4007.0,200.5
0,4025.0,178.0
0,4056.0,185.25
0,4070.0,199.25
0,4071.0,200.25
0,4098.0,227.25
0,4116.0,245.25
0,4125.0,254.25
0,4140.0,269.25
0,4147.0,276.25
0,4155.0,207.0
0,4161.0,213.0
0,4191.0,185.75
0,4199.0,193.75
0,4201.0,195.75
0,4224.0,166.75
0,4235.0,177.75
0,4239.0,181.75
0,4249.0,191.75
0,4256.0,198.75
0,4273.0,176.0
0,4287.0,190.0
0,4302.0,244.75
0,4303.0,245.75
0,4304.0,246.75
0,4336.0,278.75
0,4354.0,296.75
0,4374.0,316.75
0,4399.0,341.75
0,4409.0,296.6666666666667
0,4422.0,309.6666666666667
0,4438.0,325.6666666666667
0,4457.0,260.0
0,4473.0,276.0
0,4492.0,202.66666666666666
0,4499.0,158.25
0,4508.0,167.25
0,4510.0,169.25
0,4547.0,206.25
0,4561.0,177.4
0,4570.0,156.83333333333334
0,4578.0,164.83333333333334
0,4589.0,175.83333333333334
0,4592.0,178.83333333333334
0,4594.0,197.2
0,4612.0,141.8
0,4616.0,145.8
0,4620.0,149.8
0,4668.0,150.66666666666666
0,4701.0,183.66666666666666
0,4716.0,198.66666666666666
0,4724.0,206.66666666666666
0,4730.0,212.66666666666666
0,4738.0,220.66666666666666
0,4751.0,233.66666666666666
0,4761.0,243.66666666666666
0,4790.0,235.16666666666666
0,4793.0,238.16666666666666
0,4801.0,246.16666666666666
0,4802.0,247.16666666666666
0,4815.0,192.6
0,4826.0,203.6
0,4833.0,210.6
0,4842.0,219.6
0,4855.0,232.6
0,4866.0,243.6
0,4867.0,244.6
0,4872.0,249.6
0,4885.0,262.6
0,4893.0,270.6
0,4905.0,267.25
0,4932.0,238.4
0,4935.0,241.4
0,4960.0,288.0
0,4974.0,302.0
0,4980.0,308.0
0,4984.0,312.0
0,4992.0,320.0
0,5009.0,337.0
0,5010.0,338.0
0,5020.0,282.0
0,5022.0,284.0
0,5030.0,292.0
0,5048.0,310.0
0,5049.0,311.0
0,5052.0,314.0
0,5058.0,282.0
0,5088.0,215.66666666666666
0,5092.0,219.66666666666666
0,5093.0,220.66666666666666
0,5116.0,243.66666666666666
0,5118.0,245.66666666666666
0,5146.0,273.6666666666667
0,5150.0,277.6666666666667
0,5175.0,302.6666666666667
0,5190.0,317.6666666666667
0,5196.0,323.6666666666667
0,5201.0,328.6666666666667
0,5204.0,331.6666666666667
0,5226.0,266.75
0,5238.0,278.75
0,5242.0,282.75
0,5255.0,187.66666666666666
0,5266.0,198.66666666666666
0,5294.0,174.0
0,5330.0,170.0
0,5345.0,185.0
0,5346.0,186.0
0,5356.0,196.0
0,5364.0,204.0
0,5369.0,209.0
0,5390.0,230.0
0,5394.0,234.0
0,5399.0,239.0
0,5401.0,241.0
0,5443.0,222.25
0,5457.0,236.25
0,5461.0,240.25
0,5479.0,258.25
0,5482.0,261.25
0,5488.0,267.25
0,5501.0,280.25
0,5509.0,231.8
0,5523.0,245.8
0,5533.0,255.8
0,5542.0,264.8
0,5561.0,237.0
0,5569.0,245.0
0,5575.0,251.0
0,5585.0,296.8
0,5595.0,306.8
0,5598.0,309.8
0,5607.0,211.8
0,5619.0,223.8
0,5623.0,227.8
0,5631.0,235.8
0,5644.0,248.8
0,5646.0,250.8
0,5657.0,177.8
0,5658.0,178.8
0,5686.0,206.8
0,5690.0,210.8
0,5694.0,214.8
0,5731.0,251.8
0,5733.0,253.8
0,5749.0,269.8
0,5759.0,299.5
0,5762.0,302.5
0,5766.0,306.5
0,5778.0,318.5
0,5787.0,327.5
0,5796.0,336.5
0,5826.0,320.0
0,5827.0,321.0
0,5831.0,211.0
0,5835.0,215.0
0,5841.0,221.0
0,5846.0,226.0
0,5848.0,152.33333333333334
0,5861.0,165.33333333333334
0,5884.0,142.0
0,5929.0,187.0
0,5950.0,208.0
0,5955.0,213.0
0,5962.0,220.0
0,5996.0,254.0
0,5997.0,255.0
0,6001.0,259.0
0,6011.0,315.3333333333333
0,6047.0,351.3333333333333
0,6055.0,359.3333333333333
0,6057.0,361.3333333333333
0,6061.0,365.3333333333333
0,6077.0,381.3333333333333
0,6080.0,384.3333333333333
0,6081.0,385.3333333333333
0,6086.0,390.3333333333333
0,6098.0,354.5
0,6100.0,356.5
0,6112.0,368.5
0,6126.0,382.5
0,6131.0,387.5
0,6134.0,390.5
0,6164.0,420.5
0,6176.0,432.5
0,6197.0,557.0
0,6206.0,566.0
0,6212.0,572.0
0,6402.0,8.0
0,6418.0,18.5
0,6436.0,31.0
0,6451.0,25.5
0,6483.0,57.5
0,6487.0,61.5
0,6521.0,65.66666666666667
0,6555.0,99.66666666666667
0,6558.0,102.66666666666667
0,6560.0,104.66666666666667
0,6582.0,126.66666666666667
0,6583.0,127.66666666666667
0,6601.0,145.66666666666666
0,6613.0,157.66666666666666
0,6621.0,165.66666666666666
0,6657.0,164.0
0,6660.0,167.0
0,6663.0,170.0
0,6690.0,197.0
0,6696.0,203.0
0,6697.0,204.0
0,6701.0,208.0
0,6711.0,218.0
0,6714.0,221.0
0,6725.0,188.0
0,6730.0,193.0
0,6731.0,194.0
0,6732.0,195.0
0,6771.0,234.0
0,6776.0,239.0
0,6796.0,259.0
0,6798.0,261.0
0,6814.0,277.0
0,6815.0,278.0
0,6817.0,280.0
0,6823.0,286.0
0,6845.0,208.66666666666666
0,6846.0,209.66666666666666
0,6855.0,164.25
0,6863.0,172.25
0,6865.0,174.25
0,6867.0,176.25
0,6887.0,250.66666666666666
0,6888.0,251.66666666666666
0,6907.0,270.6666666666667
0,6916.0,279.6666666666667
0,6917.0,280.6666666666667
0,6919.0,282.6666666666667
0,6935.0,298.6666666666667
0,6949.0,308.5
0,6967.0,326.5
0,6975.0,334.5
0,6992.0,351.5
0,6997.0,356.5
0,7003.0,362.5
0,7013.0,63.666666666666664
0,7017.0,67.66666666666667
0,7020.0,70.66666666666667
0,7038.0,88.66666666666667
0,7072.0,122.66666666666667
0,7075.0,125.66666666666667
0,7087.0,137.66666666666666
0,7088.0,138.66666666666666
0,7103.0,153.66666666666666
0,7132.0,116.2
0,7148.0,132.2
0,7154.0,138.2
0,7160.0,144.2
0,7184.0,168.2
0,7186.0,170.2
0,7191.0,175.2
0,7197.0,181.2
0,7201.0,185.2
0,7215.0,199.2
0,7227.0,211.2
0,7229.0,213.2
0,7231.0,215.2
0,7235.0,219.2
0,7246.0,230.2
0,7251.0,235.2
0,7264.0,248.2
0,7272.0,256.2
0,7279.0,263.2
0,7290.0,274.2
0,7310.0,294.2
0,7320.0,302.25
0,7333.0,311.0
0,7343.0,321.0
0,7356.0,334.0
0,7372.0,350.0
0,7378.0,356.0
0,7394.0,372.0
0,7410.0,388.0
0,7413.0,391.0
0,7416.0,300.5
0,7422.0,306.5
0,7424.0,308.5
0,7426.0,310.5
0,7453.0,178.0
0,7465.0,190.0
0,7479.0,204.0
0,7480.0,205.0
0,7486.0,212.5
0,7491.0,217.5
0,7497.0,223.5
0,7513.0,239.5
0,7515.0,241.5
0,7518.0,244.5
0,7533.0,177.33333333333334
0,7569.0,168.25
0,7582.0,181.25
0,7590.0,189.25
0,7591.0,190.25
0,7607.0,166.4
0,7609.0,168.4
0,7612.0,171.4
0,7619.0,178.4
0,7624.0,183.4
0,7629.0,107.75
0,7632.0,110.75
0,7671.0,119.0
0,7683.0,131.0
0,7687.0,135.0
0,7688.0,136.0
0,7727.0,139.75
0,7742.0,154.75
0,7746.0,158.75
0,7749.0,161.75
0,7766.0,178.75
0,7771.0,183.75
0,7783.0,195.75
0,7794.0,206.75
0,7808.0,220.75
0,7809.0,221.75
0,7846.0,182.75
0,7855.0,170.66666666666666
0,7860.0,175.66666666666666
0,7867.0,182.66666666666666
0,7876.0,191.66666666666666
0,7889.0,204.66666666666666
0,7921.0,236.66666666666666
0,7922.0,237.66666666666666
0,7936.0,256.0
0,7960.0,280.0
0,7966.0,286.0
0,7980.0,201.33333333333334
0,7981.0,202.33333333333334
0,7986.0,207.33333333333334
0,7988.0,209.33333333333334
0,8001.0,222.33333333333334
0,8006.0,227.33333333333334
0,8020.0,241.33333333333334
0,8021.0,242.33333333333334
0,8022.0,243.33333333333334
0,8027.0,119.0
0,8063.0,155.0
0,8086.0,178.0
0,8092.0,184.0
0,8094.0,186.0
0,8097.0,189.0
0,8100.0,192.0
0,8113.0,205.0
0,8120.0,212.0
0,8150.0,164.0
0,8158.0,172.0
0,8172.0,186.0
0,8178.0,192.0
0,8183.0,197.0
0,8187.0,201.0
0,8188.0,202.0
0,8190.0,204.0
0,8214.0,228.0
0,8222.0,314.0
0,8227.0,319.0
0,8242.0,173.5
0,8249.0,180.5
0,8275.0,140.0
0,8276.0,141.0
0,8285.0,150.0
0,8291.0,156.0
0,8296.0,161.0
0,8300.0,165.0
0,8304.0,182.0
0,8312.0,128.33333333333334
0,8353.0,169.33333333333334
0,8358.0,174.33333333333334
0,8364.0,180.33333333333334
0,8366.0,182.33333333333334
0,8367.0,183.33333333333334
0,8380.0,196.33333333333334
0,8381.0,197.33333333333334
0,8387.0,203.33333333333334
0,8405.0,283.0
0,8417.0,295.0
0,8419.0,297.0
0,8422.0,300.0
0,8427.0,305.0
0,8442.0,320.0
0,8455.0,333.0
0,8456.0,334.0
0,8461.0,339.0
0,8474.0,352.0
0,8490.0,222.0
0,8492.0,224.0
0,8533.0,141.0
0,8543.0,151.0
0,8554.0,162.0
0,8561.0,169.0
0,8562.0,170.0
0,8578.0,37.5
0,8579.0,38.5
0,8586.0,45.5
0,8605.0,64.5
0,8606.0,65.5
0,8610.0,69.5
0,8613.0,72.5
0,8618.0,77.5
0,8630.0,89.5
0,8649.0,108.5
0,8688.0,147.5
0,8695.0,154.5
0,8696.0,155.5
0,8708.0,113.33333333333333
0,8715.0,120.33333333333333
0,8719.0,124.33333333333333
0,8723.0,128.33333333333334
0,8748.0,115.5
0,8761.0,128.5
0,8773.0,113.6
0,8780.0,120.6
0,8782.0,122.6
0,8785.0,125.6
0,8795.0,135.6
0,8796.0,136.6
0,8816.0,120.75
0,8833.0,137.75
0,8839.0,146.33333333333334
0,8872.0,179.33333333333334
0,8890.0,197.33333333333334
0,8893.0,200.33333333333334
0,8902.0,157.25
0,8921.0,176.25
0,8936.0,191.25
0,8949.0,204.25
0,8953.0,208.25
0,8954.0,209.25
0,8967.0,222.25
0,8969.0,224.25
0,8970.0,225.25
0,8971.0,226.25
0,8980.0,287.3333333333333
0,8986.0,293.3333333333333
0,8995.0,302.3333333333333
0,9000.0,307.3333333333333
0,9002.0,309.3333333333333
0,9009.0,316.3333333333333
0,9019.0,326.3333333333333
0,9036.0,343.3333333333333
0,9052.0,216.33333333333334
0,9056.0,220.33333333333334
0,9070.0,234.33333333333334
0,9080.0,184.75
0,9083.0,187.75
0,9128.0,188.0
0,9135.0,151.75
0,9137.0,153.75
0,9147.0,163.75
0,9149.0,165.75
0,9182.0,198.75
0,9195.0,215.33333333333334
0,9199.0,219.33333333333334
0,9203.0,223.33333333333334
0,9208.0,228.33333333333334
0,9213.0,233.33333333333334
0,9215.0,235.33333333333334
0,9224.0,183.5
0,9240.0,199.5
0,9257.0,173.8
0,9269.0,185.8
0,9270.0,186.8
0,9281.0,240.5
0,9284.0,243.5
0,9312.0,271.5
0,9321.0,280.5
0,9347.0,306.5
0,9357.0,316.5
0,9358.0,317.5
0,9359.0,318.5
0,9373.0,332.5
0,9387.0,346.5
0,9389.0,348.5
0,9393.0,352.5
0,9403.0,362.5
0,9427.0,386.5
0,9428.0,387.5
0,9438.0,299.3333333333333
0,9453.0,314.3333333333333
0,9470.0,331.3333333333333
0,9472.0,333.3333333333333
0,9490.0,351.3333333333333
0,9495.0,356.3333333333333
0,9511.0,340.0
0,9530.0,359.0
0,9539.0,368.0
0,9541.0,370.0
0,9575.0,404.0
0,9577.0,271.3333333333333
0,9586.0,212.25
0,9592.0,218.25
0,9602.0,228.25
0,9606.0,232.25
0,9608.0,234.25
0,9611.0,237.25
0,9615.0,241.25
0,9622.0,163.33333333333334
0,9638.0,135.25
0,9639.0,136.25
0,9648.0,145.25
0,9667.0,164.25
0,9675.0,172.25
0,9707.0,167.4
0,9756.0,184.5
0,9776.0,204.5
0,9794.0,222.5
0,9795.0,223.5
0,9798.0,226.5
0,9804.0,232.5
0,9812.0,240.5
0,9821.0,249.5
0,9822.0,250.5
0,9833.0,261.5
0,9861.0,289.5
0,9862.0,290.5
0,9865.0,293.5
0,9868.0,297.8
0,9897.0,326.8
0,9914.0,343.8
0,9919.0,348.8
0,9932.0,361.8
0,9935.0,364.8
0,9952.0,381.8
0,9953.0,382.8
0,9957.0,245.4
0,9990.0,267.6
0,10002.0,279.6
0,10016.0,293.6
0,10035.0,229.4
0,10036.0,230.4
0,10038.0,232.4
0,10049.0,243.4
0,10053.0,247.4
0,10054.0,248.4
0,10072.0,223.16666666666666
0,10099.0,207.4
0,10101.0,209.4
0,10112.0,220.4
0,10115.0,223.4
0,10126.0,234.4
0,10128.0,236.4
0,10159.0,267.4
0,10164.0,272.4
0,10174.0,282.4
0,10175.0,283.4
0,10193.0,301.4
0,10194.0,302.4
0,10218.0,275.25
0,10222.0,279.25
0,10225.0,211.66666666666666
0,10231.0,217.66666666666666
0,10260.0,189.0
0,10278.0,207.0
0,10285.0,214.0
0,10290.0,219.0
0,10294.0,223.0
0,10296.0,225.0
0,10297.0,226.0
0,10305.0,234.0
0,10321.0,250.0
0,10345.0,274.0
0,10389.0,223.75
0,10401.0,235.75
0,10413.0,198.4
0,10414.0,199.4
0,10420.0,205.4
0,10421.0,206.4
0,10433.0,218.4
0,10445.0,230.4
0,10447.0,232.4
0,10453.0,238.4
0,10485.0,228.5
0,10489.0,232.5
0,10495.0,238.5
0,10502.0,245.5
0,10513.0,256.5
0,10526.0,269.5
0,10541.0,284.5
0,10546.0,289.5
0,10559.0,264.2
0,10569.0,274.2
0,10579.0,284.2
0,10610.0,315.2
0,10617.0,322.2
0,10634.0,339.2
0,10639.0,331.5
0,10646.0,338.5
0,10650.0,342.5
0,10666.0,289.0
0,10679.0,299.75
0,10695.0,315.75
0,10703.0,323.75
0,10721.0,341.75
0,10730.0,350.75
0,10732.0,352.75
0,10734.0,354.75
0,10739.0,451.6666666666667
0,10762.0,289.6
0,10787.0,314.6
0,10789.0,264.1666666666667
0,10791.0,266.1666666666667
0,10799.0,166.0
0,10806.0,173.0
0,10814.0,181.0
0,10834.0,201.0
0,10842.0,209.0
0,10856.0,186.16666666666666
0,10859.0,189.16666666666666
0,10895.0,225.16666666666666
0,10926.0,256.1666666666667
0,10927.0,257.1666666666667
0,10944.0,274.1666666666667
0,10948.0,301.6
0,10954.0,307.6
0,10983.0,336.6
0,10990.0,343.6
0,10994.0,347.6
0,10999.0,352.6
0,11002.0,355.6
0,11018.0,313.0
0,11028.0,323.0
0,11044.0,339.0
0,11055.0,350.0
0,11069.0,291.6
0,11087.0,309.6
0,11101.0,323.6
0,11118.0,286.0
0,11128.0,222.8
0,11130.0,224.8
0,11136.0,230.8
0,11138.0,232.8
0,11154.0,248.8
0,11161.0,255.8
0,11167.0,261.8
0,11186.0,280.8
0,11195.0,289.8
0,11196.0,290.8
0,11214.0,308.8
0,11231.0,325.8
0,11233.0,327.8
0,11255.0,349.8
0,11271.0,365.8
0,11283.0,377.8
0,11296.0,390.8
0,11303.0,397.8
0,11306.0,400.8
0,11313.0,407.8
0,11317.0,411.8
0,11335.0,429.8
0,11348.0,442.8
0,11362.0,456.8
0,11390.0,534.75
0,11396.0,540.75
0,11402.0,546.75
0,11408.0,442.4
0,11410.0,444.4
0,11418.0,452.4
0,11422.0,456.4
0,11434.0,468.4
0,11449.0,483.4
0,11450.0,484.4
0,11468.0,502.4
0,11496.0,530.4
0,11499.0,533.4
0,11504.0,538.4
0,11508.0,542.4
0,11511.0,545.4
0,11513.0,547.4
0,11531.0,513.0
0,11539.0,521.0
0,11576.0,370.6
0,11593.0,387.6
0,11595.0,389.6
0,11601.0,395.6
0,11603.0,397.6
0,11617.0,394.75
0,11625.0,402.75
0,11626.0,403.75
0,11665.0,249.0
0,11691.0,275.0
0,11693.0,277.0
0,11698.0,209.75
0,11706.0,217.75
0,11717.0,228.75
0,11727.0,238.75
0,11732.0,243.75
0,11755.0,266.75
0,11757.0,268.75
0,11762.0,258.0
0,11847.0,343.0
0,11848.0,344.0
0,11861.0,211.33333333333334
0,11881.0,177.5
0,11893.0,189.5
0,11901.0,197.5
0,11906.0,202.5
0,11912.0,227.0
0,11919.0,234.0
0,11920.0,235.0
0,11951.0,266.0
0,11959.0,206.0
0,11989.0,236.0
0,12002.0,201.8
0,12012.0,211.8
0,12014.0,213.8
0,12015.0,214.8
0,12028.0,227.8
0,12033.0,232.8
0,12039.0,238.8
0,12053.0,252.8
0,12062.0,202.0
0,12080.0,220.0
0,12088.0,228.0
0,12097.0,237.0
0,12099.0,239.0
0,12103.0,243.0
0,12171.0,311.0
0,12181.0,321.0
0,12185.0,325.0
0,12194.0,334.0
0,12199.0,339.0
0,12200.0,340.0
0,12208.0,348.0
0,12214.0,354.0
0,12225.0,294.0
0,12238.0,257.3333333333333
0,12243.0,262.3333333333333
0,12247.0,266.3333333333333
0,12253.0,272.3333333333333
0,12279.0,298.3333333333333
0,12283.0,302.3333333333333
0,12298.0,317.3333333333333
0,12305.0,319.6
0,12317.0,331.6
0,12328.0,342.6
0,12350.0,275.5
0,12369.0,294.5
0,12383.0,308.5
0,12385.0,310.5
0,12424.0,349.5
0,12430.0,355.5
0,12438.0,363.5
0,12459.0,431.3333333333333
0,12480.0,452.3333333333333
0,12493.0,465.3333333333333
0,12512.0,484.3333333333333
0,12513.0,485.3333333333333
0,12519.0,491.3333333333333
0,12524.0,496.3333333333333
0,12527.0,499.3333333333333
0,12533.0,505.3333333333333
0,12555.0,383.0
0,12597.0,268.2
0,12599.0,270.2
0,12619.0,226.2
0,12626.0,233.2
0,12629.0,236.2
0,12633.0,240.2
0,12643.0,250.2
0,12656.0,220.16666666666666
0,12661.0,225.16666666666666
0,12700.0,264.1666666666667
0,12708.0,272.1666666666667
0,12737.0,301.1666666666667
0,12752.0,302.6666666666667
0,12760.0,310.6666666666667
0,12773.0,323.6666666666667
0,12795.0,345.6666666666667
0,12796.0,346.6666666666667
0,12799.0,349.6666666666667
0,12800.0,350.6666666666667
0,12810.0,284.8
0,12832.0,306.8
0,12836.0,310.8
0,12843.0,317.8
0,12857.0,331.8
0,12863.0,337.8
0,12877.0,293.6666666666667
0,12884.0,300.6666666666667
0,12919.0,335.6666666666667
0,12935.0,280.8
0,12945.0,290.8
0,12946.0,291.8
0,12948.0,293.8
0,12950.0,295.8
0,12953.0,298.8
0,12955.0,300.8
0,12964.0,309.8
0,12978.0,323.8
0,12989.0,334.8
0,12994.0,339.8
0,13010.0,355.8
0,13023.0,368.8
0,13037.0,382.8
0,13060.0,405.8
0,13071.0,416.8
0,13082.0,336.2
0,13101.0,355.2
0,13109.0,363.2
0,13112.0,366.2
0,13116.0,370.2
0,13124.0,354.5
0,13132.0,362.5
0,13159.0,389.5
0,13160.0,390.5
0,13164.0,394.5
0,13173.0,403.5
0,13191.0,421.5
0,13194.0,424.5
0,13201.0,431.5
0,13237.0,319.6666666666667
0,13244.0,326.6666666666667
0,13255.0,289.85714285714283
0,13265.0,299.85714285714283
0,13288.0,331.8333333333333
0,13292.0,335.8333333333333
0,13303.0,346.8333333333333
0,13312.0,355.8333333333333
0,13342.0,385.8333333333333
0,13350.0,393.8333333333333
0,13355.0,342.0
0,13356.0,343.0
0,13396.0,308.6666666666667
0,13404.0,316.6666666666667
0,13428.0,340.6666666666667
0,13434.0,346.6666666666667
0,13441.0,353.6666666666667
0,13445.0,357.6666666666667
0,13446.0,358.6666666666667
0,13465.0,377.6666666666667
0,13472.0,342.0
0,13500.0,370.0
0,13511.0,381.0
0,13515.0,385.0
0,13517.0,322.6666666666667
0,13522.0,212.4
0,13531.0,198.5
0,13533.0,200.5
0,13546.0,213.5
0,13557.0,224.5
0,13561.0,228.5
0,13577.0,244.5
0,13642.0,221.0
0,13646.0,225.0
0,13657.0,236.0
0,13665.0,244.0
0,13667.0,211.14285714285714
0,13702.0,246.14285714285714
0,13718.0,262.14285714285717
0,13723.0,233.875
0,13732.0,256.7142857142857
0,13738.0,262.7142857142857
0,13756.0,280.7142857142857
0,13758.0,282.7142857142857
0,13760.0,284.7142857142857
0,13770.0,294.7142857142857
0,13837.0,361.7142857142857
0,13844.0,368.7142857142857
0,13853.0,333.1666666666667
0,13856.0,336.1666666666667
0,13861.0,308.0
0,13870.0,317.0
0,13885.0,332.0
0,13890.0,337.0
0,13893.0,340.0
0,13897.0,344.0
0,13899.0,346.0
0,13911.0,358.0
0,13937.0,322.0
0,13947.0,332.0
0,13962.0,347.0
0,13984.0,369.0
0,13997.0,382.0
0,14002.0,387.0
0,14010.0,395.0
0,14026.0,411.0
0,14027.0,412.0
0,14047.0,432.0
0,14052.0,437.0
0,14066.0,451.0
0,14070.0,455.0
0,14091.0,476.0
0,14092.0,477.0
0,14099.0,494.0
0,14101.0,496.0
0,14120.0,426.75
0,14122.0,428.75
0,14152.0,458.75
0,14153.0,459.75
0,14191.0,497.75
0,14205.0,511.75
0,14221.0,527.75
0,14234.0,540.75
0,14235.0,541.75
0,14238.0,485.6666666666667
0,14242.0,489.6666666666667
0,14244.0,491.6666666666667
0,14276.0,351.0
0,14288.0,363.0
0,14299.0,374.0
0,14301.0,376.0
0,14331.0,212.0
0,14332.0,213.0
0,14333.0,214.0
0,14353.0,234.0
0,14357.0,238.0
0,14365.0,246.0
0,14394.0,120.0
0,14399.0,125.0
0,14419.0,172.25
0,14424.0,177.25
0,14428.0,181.25
0,14440.0,193.25
0,14442.0,195.25
0,14443.0,196.25
0,14453.0,206.25
0,14466.0,219.25
0,14479.0,232.25
0,14510.0,263.25
0,14529.0,229.2
0,14539.0,239.2
0,14542.0,242.2
0,14547.0,247.2
0,14550.0,250.2
0,14593.0,293.2
0,14606.0,306.2
0,14616.0,316.2
0,14633.0,333.2
0,14647.0,253.5
0,14653.0,259.5
0,14658.0,264.5
0,14659.0,265.5
0,14662.0,268.5
0,14676.0,282.5
0,14709.0,315.5
0,14713.0,256.4
0,14726.0,269.4
0,14737.0,257.75
0,14741.0,261.75
0,14748.0,268.75
0,14749.0,216.0
0,14751.0,218.0
0,14783.0,250.0
0,14795.0,262.0
0,14806.0,273.0
0,14810.0,277.0
0,14817.0,237.5
0,14823.0,243.5
0,14851.0,235.28571428571428
0,14853.0,237.28571428571428
0,14873.0,257.2857142857143
0,14893.0,277.2857142857143
0,14900.0,284.2857142857143
0,14903.0,287.2857142857143
0,14916.0,300.2857142857143
0,14923.0,307.2857142857143
0,14942.0,326.2857142857143
0,14978.0,362.2857142857143
0,14983.0,316.8333333333333
0,14985.0,318.8333333333333
0,14989.0,322.8333333333333
0,15001.0,334.8333333333333
0,15023.0,356.8333333333333
0,15026.0,359.8333333333333
0,15045.0,372.8333333333333
0,15048.0,375.8333333333333
0,15063.0,406.0
0,15073.0,416.0
0,15082.0,355.6666666666667
0,15107.0,380.6666666666667
0,15111.0,384.6666666666667
0,15112.0,385.6666666666667
0,15134.0,364.8
0,15136.0,366.8
0,15155.0,289.25
0,15171.0,305.25
0,15176.0,310.25
0,15187.0,321.25
0,15201.0,335.25
0,15207.0,341.25
0,15210.0,344.25
0,15218.0,352.25
0,15224.0,358.25
0,15261.0,316.8
0,15287.0,342.8
0,15290.0,345.8
0,15309.0,306.0
0,15314.0,311.0
0,15320.0,317.0
0,15328.0,325.0
0,15356.0,353.0
0,15363.0,360.0
0,15382.0,379.0
0,15392.0,389.0
0,15398.0,395.0
0,15434.0,347.8
0,15440.0,353.8
0,15468.0,337.8
0,15490.0,359.8
0,15495.0,304.1666666666667
0,15496.0,305.1666666666667
0,15499.0,308.1666666666667
0,15505.0,242.6
0,15538.0,275.6
0,15555.0,292.6
0,15557.0,294.6
0,15573.0,310.6
0,15579.0,316.6
0,15589.0,326.6
0,15615.0,352.6
0,15619.0,356.6
0,15625.0,362.6
0,15644.0,381.6
0,15653.0,389.5
0,15679.0,375.75
0,15683.0,379.75
0,15689.0,385.75
0,15694.0,390.75
0,15698.0,394.75
0,15714.0,410.75
0,15749.0,445.75
0,15760.0,456.75
0,15781.0,477.75
0,15799.0,495.75
0,15801.0,497.75
0,15806.0,502.75
0,15811.0,429.3333333333333
0,15815.0,433.3333333333333
0,15817.0,435.3333333333333
0,15835.0,453.3333333333333
0,15848.0,466.3333333333333
0,15862.0,480.3333333333333
0,15867.0,485.3333333333333
0,15876.0,630.0
0,15878.0,632.0
0,15884.0,638.0
0,15891.0,645.0
0,15892.0,646.0
0,15911.0,444.3333333333333
0,15913.0,446.3333333333333
0,15935.0,468.3333333333333
0,15938.0,471.3333333333333
0,15956.0,356.0
0,15980.0,380.0
0,15984.0,384.0
0,15998.0,398.0
0,16000.0,400.0
0,16001.0,401.0
0,16025.0,425.0
0,16051.0,360.5
0,16069.0,378.5
0,16071.0,380.5
0,16092.0,401.5
0,16094.0,403.5
0,16096.0,405.5
0,16107.0,416.5
0,16113.0,422.5
0,16131.0,440.5
0,16155.0,464.5
0,16177.0,486.5
0,16193.0,502.5
0,16195.0,504.5
0,16204.0,202.0
0,16215.0,213.0
0,16222.0,220.0
0,16225.0,223.0
0,16255.0,253.0
0,16257.0,255.0
0,16280.0,278.0
0,16299.0,297.0
0,16303.0,301.0
0,16329.0,327.0
0,16340.0,227.33333333333334
0,16351.0,181.5
0,16354.0,184.5
0,16368.0,198.5
0,16403.0,222.0
0,16406.0,225.0
0,16408.0,227.0
0,16414.0,233.0
0,16418.0,237.0
0,16437.0,256.0
0,16454.0,273.0
0,16463.0,282.0
0,16494.0,313.0
0,16499.0,318.0
0,16513.0,266.6
0,16523.0,276.6
0,16534.0,287.6
0,16540.0,293.6
0,16561.0,314.6
0,16563.0,316.6
0,16588.0,287.0
0,16591.0,290.0
0,16596.0,216.5
0,16606.0,226.5
0,16636.0,256.5
0,16643.0,226.71428571428572
0,16655.0,238.71428571428572
0,16667.0,250.71428571428572
0,16675.0,258.7142857142857
0,16678.0,261.7142857142857
0,16681.0,264.7142857142857
0,16692.0,275.7142857142857
0,16694.0,277.7142857142857
0,16696.0,279.7142857142857
0,16711.0,294.7142857142857
0,16719.0,302.7142857142857
0,16748.0,331.7142857142857
0,16754.0,337.7142857142857
0,16757.0,340.7142857142857
0,16761.0,344.7142857142857
0,16763.0,346.7142857142857
0,16772.0,312.375
0,16788.0,292.8888888888889
0,16799.0,305.5
0,16801.0,307.5
0,16815.0,321.5
0,16823.0,329.5
0,16843.0,349.5
0,16847.0,353.5
0,16848.0,354.5
0,16851.0,357.5
0,16865.0,343.75
0,16880.0,358.75
0,16887.0,365.75
0,16927.0,405.75
0,16940.0,418.75
0,16944.0,422.75
0,16950.0,428.75
0,16962.0,440.75
0,16967.0,445.75
0,16984.0,433.7142857142857
0,16991.0,440.7142857142857
0,16994.0,443.7142857142857
0,17001.0,450.7142857142857
0,17005.0,454.7142857142857
0,17017.0,409.625
0,17021.0,413.625
0,17051.0,358.6
0,17057.0,364.6
0,17062.0,337.6
0,17068.0,302.7
0,17083.0,317.7
0,17094.0,328.7
0,17095.0,329.7
0,17106.0,298.55555555555554
0,17132.0,324.55555555555554
0,17135.0,327.55555555555554
0,17146.0,338.55555555555554
0,17153.0,340.0
0,17177.0,290.875
0,17194.0,307.875
0,17237.0,350.875
0,17245.0,358.875
0,17246.0,359.875
0,17249.0,362.875
0,17250.0,363.875
0,17296.0,283.8333333333333
0,17305.0,251.14285714285714
0,17310.0,256.14285714285717
0,17313.0,259.14285714285717
0,17314.0,260.14285714285717
0,17341.0,287.14285714285717
0,17342.0,288.14285714285717
0,17353.0,262.625
0,17371.0,280.625
0,17385.0,294.625
0,17394.0,303.625
0,17413.0,322.625
0,17418.0,260.75
0,17425.0,267.75
0,17433.0,275.75
0,17435.0,277.75
0,17443.0,285.75
0,17453.0,295.75
0,17455.0,297.75
0,17473.0,315.75
0,17474.0,316.75
0,17486.0,328.75
0,17490.0,332.75
0,17492.0,334.75
0,17507.0,349.75
0,17515.0,357.75
0,17526.0,368.75
0,17529.0,371.75
0,17554.0,396.75
0,17563.0,346.0
0,17574.0,357.0
0,17591.0,374.0
0,17593.0,376.0
0,17603.0,386.0
0,17609.0,392.0
0,17625.0,383.2857142857143
0,17631.0,389.2857142857143
0,17635.0,344.375
0,17639.0,348.375
0,17648.0,318.44444444444446
0,17652.0,322.44444444444446
0,17660.0,330.44444444444446
0,17684.0,354.44444444444446
0,17692.0,362.44444444444446
0,17696.0,366.44444444444446
0,17711.0,381.44444444444446
0,17731.0,401.44444444444446
0,17747.0,417.44444444444446
0,17748.0,418.44444444444446
0,17772.0,403.875
0,17781.0,412.875
0,17820.0,448.7142857142857
0,17821.0,449.7142857142857
0,17824.0,417.3333333333333
0,17827.0,420.3333333333333
0,17841.0,434.3333333333333
0,17847.0,371.6
0,17866.0,328.3333333333333
0,17869.0,331.3333333333333
0,17882.0,344.3333333333333
0,17891.0,353.3333333333333
0,17917.0,379.3333333333333
0,17921.0,383.3333333333333
0,17927.0,389.3333333333333
0,17937.0,399.3333333333333
0,17961.0,423.3333333333333
0,17991.0,453.3333333333333
0,17996.0,458.3333333333333
0,17997.0,459.3333333333333
0,18006.0,422.3333333333333
0,18008.0,424.3333333333333
0,18015.0,444.75
0,18027.0,456.75
0,18051.0,480.75
0,18064.0,493.75
0,18112.0,438.8
0,18121.0,447.8
0,18124.0,450.8
0,18128.0,454.8
0,18149.0,475.8
0,18153.0,479.8
0,18159.0,475.75
0,18174.0,490.75
0,18188.0,504.75
0,18200.0,516.75
0,18206.0,522.75
0,18215.0,494.0
0,18234.0,321.5
0,18241.0,328.5
0,18248.0,269.8
0,18249.0,270.8
0,18253.0,274.8
0,18259.0,280.8
0,18275.0,296.8
0,18286.0,307.8
0,18312.0,333.8
0,18327.0,348.8
0,18334.0,421.5
0,18336.0,423.5
0,18353.0,440.5
0,18360.0,305.0
0,18362.0,307.0
0,18380.0,247.5
0,18396.0,263.5
0,18403.0,270.5
0,18404.0,271.5
0,18407.0,274.5
0,18417.0,284.5
0,18433.0,300.5
0,18443.0,208.66666666666666
0,18450.0,215.66666666666666
0,18492.0,257.6666666666667
0,18504.0,269.6666666666667
0,18514.0,279.6666666666667
0,18515.0,280.6666666666667
0,18516.0,281.6666666666667
0,18520.0,285.6666666666667
0,18523.0,288.6666666666667
0,18528.0,293.6666666666667
0,18530.0,295.6666666666667
0,18531.0,296.6666666666667
0,18555.0,275.42857142857144
0,18578.0,261.5
0,18583.0,266.5
0,18589.0,272.5
0,18590.0,273.5
0,18604.0,275.2857142857143
0,18617.0,288.2857142857143
0,18621.0,292.2857142857143
0,18625.0,296.2857142857143
0,18637.0,261.6
0,18642.0,266.6
0,18644.0,268.6
0,18652.0,276.6
0,18703.0,274.1666666666667
0,18707.0,278.1666666666667
0,18710.0,281.1666666666667
0,18715.0,217.4
0,18729.0,198.25
0,18749.0,218.25
0,18753.0,222.25
0,18757.0,226.25
0,18761.0,230.25
0,18772.0,241.25
0,18805.0,218.6
0,18813.0,226.6
0,18826.0,239.6
0,18827.0,240.6
0,18852.0,256.75
0,18864.0,268.75
0,18882.0,239.0
0,18899.0,256.0
0,18901.0,258.0
0,18923.0,212.25
0,18934.0,148.4
0,18936.0,150.4
0,18953.0,167.4
0,18963.0,177.4
0,18970.0,154.33333333333334
0,18973.0,157.33333333333334
0,18979.0,163.33333333333334
0,18995.0,175.6
0,19009.0,189.6
0,19014.0,194.6
0,19034.0,112.0
0,19050.0,111.0
0,19067.0,128.0
0,19069.0,130.0
0,19073.0,134.0
0,19102.0,155.57142857142858
0,19104.0,157.57142857142858
0,19120.0,173.57142857142858
0,19121.0,174.57142857142858
0,19122.0,175.57142857142858
0,19141.0,191.5
0,19151.0,201.5
0,19157.0,207.5
0,19171.0,191.57142857142858
0,19189.0,184.25
0,19204.0,199.25
0,19211.0,206.25
0,19217.0,212.25
0,19229.0,224.25
0,19238.0,233.25
0,19269.0,264.25
0,19271.0,266.25
0,19277.0,272.25
0,19297.0,292.25
0,19300.0,295.25
0,19313.0,308.25
0,19315.0,310.25
0,19346.0,260.5
0,19351.0,265.5
0,19355.0,269.5
0,19394.0,284.0
0,19396.0,286.0
0,19398.0,252.125
0,19401.0,255.125
0,19402.0,256.125
0,19405.0,259.125
0,19420.0,255.28571428571428
0,19436.0,271.2857142857143
0,19453.0,288.2857142857143
0,19462.0,297.2857142857143
0,19465.0,300.2857142857143
0,19471.0,306.2857142857143
0,19481.0,316.2857142857143
0,19485.0,320.2857142857143
0,19487.0,297.1666666666667
0,19490.0,300.1666666666667
0,19494.0,304.1666666666667
0,19541.0,351.1666666666667
0,19547.0,357.1666666666667
0,19564.0,374.1666666666667
0,19569.0,359.8
0,19572.0,362.8
0,19584.0,314.0
0,19631.0,361.0
0,19653.0,383.0
0,19665.0,395.0
0,19681.0,411.0
0,19687.0,417.0
0,19701.0,431.0
0,19702.0,432.0
0,19716.0,446.0
0,19721.0,414.0
0,19722.0,415.0
0,19728.0,421.0
0,19745.0,438.0
0,19771.0,464.0
0,19788.0,418.5
0,19792.0,282.0
0,19794.0,284.0
0,19814.0,230.0
0,19816.0,232.0
0,19824.0,240.0
0,19830.0,246.0
0,19858.0,224.0
0,19868.0,234.0
0,19881.0,247.0
0,19893.0,259.0
0,19895.0,261.0
0,19910.0,276.0
0,19929.0,222.0
0,19975.0,218.4
0,19995.0,201.5
0,19996.0,202.5
0,19997.0,203.5
0,20002.0,208.5
0,20004.0,210.5
0,20014.0,220.5
0,20030.0,236.5
0,20054.0,260.5
0,20064.0,270.5
0,20065.0,271.5
0,20087.0,293.5
0,20088.0,294.5
0,20100.0,259.5
0,20106.0,265.5
0,20116.0,275.5
0,20121.0,280.5
0,20138.0,297.5
0,20141.0,300.5
0,20157.0,272.42857142857144
0,20159.0,274.42857142857144
0,20165.0,280.42857142857144
0,20177.0,292.42857142857144
0,20184.0,262.5
0,20190.0,268.5
0,20191.0,269.5
0,20207.0,285.5
0,20218.0,296.5
0,20237.0,315.5
0,20250.0,328.5
0,20257.0,335.5
0,20275.0,353.5
0,20276.0,354.5
0,20295.0,373.5
0,20304.0,382.5
0,20315.0,350.22222222222223
0,20318.0,353.22222222222223
0,20330.0,365.22222222222223
0,20331.0,366.22222222222223
0,20360.0,343.3333333333333
0,20368.0,351.3333333333333
0,20374.0,357.3333333333333
0,20390.0,373.3333333333333
0,20395.0,378.3333333333333
0,20411.0,394.3333333333333
0,20415.0,398.3333333333333
0,20432.0,410.5
0,20450.0,362.375
0,20451.0,363.375
0,20461.0,373.375
0,20481.0,393.375
0,20504.0,374.0
0,20507.0,377.0
0,20516.0,394.3333333333333
0,20522.0,400.3333333333333
0,20535.0,373.0
0,20536.0,374.0
0,20579.0,383.6666666666667
0,20581.0,385.6666666666667
0,20595.0,399.6666666666667
0,20597.0,401.6666666666667
0,20602.0,406.6666666666667
0,20608.0,334.8
0,20612.0,338.8
0,20624.0,350.8
0,20650.0,376.8
0,20657.0,383.8
0,20673.0,409.25
0,20677.0,413.25
0,20690.0,438.6666666666667
0,20698.0,446.6666666666667
0,20722.0,287.2
0,20723.0,288.2
0,20751.0,266.5
0,20756.0,271.5
0,20762.0,277.5
0,20775.0,250.14285714285714
0,20776.0,251.14285714285714
0,20777.0,252.14285714285714
0,20812.0,287.14285714285717
0,20822.0,297.14285714285717
0,20833.0,308.14285714285717
0,20837.0,312.14285714285717
0,20859.0,315.7142857142857
0,20881.0,337.7142857142857
0,20884.0,340.7142857142857
0,20898.0,210.0
0,20901.0,213.0
0,20908.0,220.0
0,20909.0,221.0
0,20916.0,247.75
0,20925.0,256.75
0,20957.0,288.75
0,20962.0,293.75
0,20972.0,303.75
0,20989.0,172.75
0,21000.0,183.75
0,21006.0,200.0
0,21017.0,211.0
0,21025.0,219.0
0,21028.0,222.0
0,21036.0,230.0
0,21059.0,116.75
0,21085.0,142.75
0,21087.0,144.75
0,21093.0,150.75
0,21102.0,159.75
0,21114.0,139.8
0,21129.0,154.8
0,21131.0,156.8
0,21181.0,206.8
0,21187.0,212.8
0,21204.0,229.8
0,21210.0,235.8
0,21214.0,239.8
0,21227.0,252.8
0,21241.0,266.8
0,21247.0,272.8
0,21256.0,281.8
0,21272.0,297.8
0,21275.0,300.8
0,21292.0,336.0
0,21296.0,340.0
0,21299.0,343.0
0,21300.0,344.0
0,21314.0,358.0
0,21324.0,295.2
0,21326.0,297.2
0,21340.0,311.2
0,21375.0,346.2
0,21388.0,359.2
0,21420.0,380.2
0,21437.0,397.2
0,21446.0,406.2
0,21447.0,407.2
0,21462.0,378.6
0,21484.0,400.6
0,21502.0,393.5
0,21522.0,413.5
0,21531.0,422.5
0,21537.0,428.5
0,21560.0,451.5
0,21573.0,464.5
0,21578.0,376.2
0,21596.0,217.4
0,21605.0,226.4
0,21623.0,244.4
0,21633.0,254.4
0,21635.0,256.4
0,21644.0,265.4
0,21645.0,266.4
0,21647.0,268.4
0,21657.0,278.4
0,21660.0,281.4
0,21681.0,302.4
0,21704.0,325.4
0,21743.0,303.8333333333333
0,21744.0,304.8333333333333
0,21748.0,308.8333333333333
0,21757.0,237.4
0,21784.0,224.5
0,21812.0,252.5
0,21814.0,254.5
0,21821.0,261.5
0,21838.0,206.42857142857142
0,21839.0,207.42857142857142
0,21850.0,218.42857142857142
0,21859.0,227.42857142857142
0,21905.0,273.42857142857144
0,21922.0,238.5
0,21935.0,251.5
0,21956.0,272.5
0,21974.0,290.5
0,21982.0,298.5
0,21993.0,309.5
0,21997.0,313.5
0,22009.0,325.5
0,22021.0,337.5
0,22027.0,343.5
0,22055.0,371.5
0,22067.0,383.5
0,22074.0,390.5
0,22075.0,391.5
0,22082.0,398.5
0,22090.0,406.5
0,22094.0,410.5
0,22096.0,412.5
0,22100.0,416.5
0,22112.0,428.5
0,22126.0,454.2
0,22143.0,393.0
0,22148.0,398.0
0,22150.0,400.0
0,22156.0,406.0
0,22164.0,414.0
0,22191.0,441.0
0,22194.0,444.0
0,22197.0,447.0
0,22231.0,363.0
0,22247.0,379.0
0,22248.0,380.0
0,22288.0,404.42857142857144
0,22307.0,285.375
0,22311.0,289.375
0,22316.0,294.375
0,22321.0,299.375
0,22324.0,302.375
0,22336.0,314.375
0,22338.0,316.375
0,22361.0,329.375
0,22385.0,353.375
0,22387.0,355.375
0,22389.0,357.375
0,22404.0,307.14285714285717
0,22426.0,336.5
0,22428.0,338.5
0,22445.0,355.5
0,22450.0,402.0
0,22477.0,429.0
0,22479.0,431.0
0,22496.0,373.8333333333333
0,22497.0,374.8333333333333
0,22498.0,375.8333333333333
0,22510.0,282.0
0,22514.0,286.0
0,22524.0,296.0
0,22533.0,305.0
0,22553.0,261.0
0,22556.0,264.0
0,22558.0,266.0
0,22576.0,284.0
0,22616.0,324.0
0,22629.0,339.5
0,22643.0,353.5
0,22650.0,360.5
0,22655.0,365.5
0,22668.0,378.5
0,22686.0,396.5
0,22699.0,386.6666666666667
0,22700.0,387.6666666666667
0,22706.0,393.6666666666667
0,22710.0,397.6666666666667
0,22713.0,353.0
0,22729.0,369.0
0,22761.0,401.0
0,22769.0,409.0
0,22787.0,290.0
0,22799.0,302.0
0,22801.0,304.0
0,22829.0,332.0
0,22832.0,325.6666666666667
0,22838.0,249.5
0,22858.0,249.5
0,22861.0,252.5
0,22866.0,257.5
0,22870.0,261.5
0,22881.0,272.5
0,22893.0,284.5
0,22895.0,286.5
0,22900.0,291.5
0,22926.0,255.6
0,22938.0,267.6
0,22955.0,284.6
0,22971.0,300.6
0,22990.0,319.6
0,22994.0,323.6
0,23003.0,332.6
0,23010.0,339.6
0,23014.0,343.6
0,23022.0,247.75
0,23025.0,250.75
0,23041.0,216.0
0,23078.0,253.0
0,23088.0,214.2
0,23094.0,220.2
0,23101.0,227.2
0,23111.0,237.2
0,23122.0,248.2
0,23123.0,249.2
0,23124.0,250.2
0,23153.0,279.2
0,23206.0,332.2
0,23211.0,388.5
0,23212.0,389.5
0,23214.0,391.5
0,23222.0,289.6666666666667
0,23240.0,233.5
0,23243.0,236.5
0,23254.0,247.5
0,23260.0,253.5
0,23293.0,234.6
0,23302.0,243.6
0,23307.0,248.6
0,23312.0,253.6
0,23323.0,264.6
0,23345.0,286.6
0,23347.0,288.6
0,23362.0,253.66666666666666
0,23383.0,274.6666666666667
0,23392.0,283.6666666666667
0,23394.0,285.6666666666667
0,23427.0,228.16666666666666
0,23430.0,231.16666666666666
0,23434.0,235.16666666666666
0,23436.0,237.16666666666666
0,23444.0,245.16666666666666
0,23448.0,249.16666666666666
0,23452.0,253.16666666666666
0,23456.0,257.1666666666667
0,23457.0,258.1666666666667
0,23491.0,219.83333333333334
0,23505.0,233.83333333333334
0,23545.0,273.8333333333333
0,23566.0,294.8333333333333
0,23575.0,303.8333333333333
0,23581.0,309.8333333333333
0,23589.0,317.8333333333333
0,23597.0,325.8333333333333
0,23606.0,287.42857142857144
0,23618.0,262.5
0,23634.0,278.5
0,23636.0,280.5
0,23642.0,286.5
0,23662.0,272.6666666666667
0,23687.0,238.75
0,23712.0,234.55555555555554
0,23715.0,237.55555555555554
0,23733.0,240.625
0,23735.0,242.625
0,23757.0,264.625
0,23771.0,278.625
0,23781.0,288.625
0,23789.0,296.625
0,23791.0,298.625
0,23801.0,308.625
0,23804.0,311.625
0,23805.0,312.625
0,23806.0,313.625
0,23867.0,333.8888888888889
0,23871.0,337.8888888888889
0,23896.0,362.8888888888889
0,23898.0,364.8888888888889
0,23901.0,367.8888888888889
0,23905.0,371.8888888888889
0,23907.0,373.8888888888889
0,23912.0,378.8888888888889
0,23923.0,389.8888888888889
0,23930.0,396.8888888888889
0,23933.0,399.8888888888889
0,23942.0,408.8888888888889
0,23943.0,409.8888888888889
0,23956.0,463.625
0,23965.0,468.2857142857143
0,23989.0,492.2857142857143
0,23990.0,493.2857142857143
0,23995.0,498.2857142857143
0,24000.0,503.2857142857143
0,24019.0,411.42857142857144
0,24030.0,422.42857142857144
0,24041.0,433.42857142857144
0,24045.0,437.42857142857144
0,24051.0,443.42857142857144
0,24076.0,412.0
0,24081.0,417.0
0,24088.0,416.85714285714283
0,24091.0,419.85714285714283
0,24102.0,430.85714285714283
0,24128.0,400.375
0,24129.0,401.375
0,24137.0,343.42857142857144
0,24157.0,363.42857142857144
0,24162.0,368.42857142857144
0,24165.0,371.42857142857144
0,24179.0,337.375
0,24180.0,338.375
0,24195.0,206.28571428571428
0,24212.0,223.28571428571428
0,24218.0,229.28571428571428
0,24225.0,236.28571428571428
0,24244.0,224.75
0,24248.0,228.75
0,24287.0,257.875
0,24298.0,227.42857142857142
0,24302.0,231.42857142857142
0,24321.0,250.42857142857142
0,24322.0,251.42857142857142
0,24349.0,243.875
0,24357.0,251.875
0,24361.0,255.875
0,24364.0,258.875
0,24378.0,272.875
0,24382.0,276.875
0,24401.0,295.875
0,24402.0,296.875
0,24436.0,274.57142857142856
0,24438.0,276.57142857142856
0,24440.0,278.57142857142856
0,24456.0,294.57142857142856
0,24495.0,333.57142857142856
0,24501.0,322.5
0,24505.0,326.5
0,24507.0,328.5
0,24509.0,330.5
0,24532.0,353.5
0,24546.0,367.5
0,24566.0,387.5
0,24568.0,389.5
0,24572.0,393.5
0,24576.0,397.5
0,24583.0,404.5
0,24601.0,422.5
0,24614.0,400.8
0,24649.0,367.6666666666667
0,24657.0,375.6666666666667
0,24659.0,377.6666666666667
0,24667.0,385.6666666666667
0,24673.0,336.0
0,24678.0,341.0
0,24680.0,343.0
0,24694.0,357.0
0,24696.0,359.0
0,24708.0,290.44444444444446
0,24710.0,292.44444444444446
0,24743.0,325.44444444444446
0,24756.0,338.44444444444446
0,24779.0,332.375
0,24782.0,335.375
0,24797.0,375.42857142857144
0,24808.0,386.42857142857144
0,24811.0,389.42857142857144
0,24832.0,410.42857142857144
0,24837.0,384.0
0,24860.0,407.0
0,24866.0,413.0
0,24876.0,406.0
0,24877.0,407.0
0,24888.0,418.0
0,24898.0,428.0
0,24899.0,429.0
0,24901.0,431.0
0,24937.0,467.0
0,24946.0,476.0
0,24958.0,488.0
0,24966.0,536.2
0,24990.0,560.2
0,24992.0,562.2
0,24999.0,492.5
0,25000.0,493.5
0,25010.0,503.5
0,25025.0,518.5
0,25027.0,520.5
0,25046.0,234.33333333333334
0,25062.0,188.75
0,25087.0,213.75
0,25097.0,214.25
0,25103.0,220.25
0,25112.0,229.25
0,25134.0,251.25
0,25141.0,207.0
0,25178.0,207.16666666666666
0,25183.0,237.2
0,25185.0,239.2
0,25188.0,242.2
0,25208.0,262.2
0,25214.0,268.2
0,25215.0,269.2
0,25227.0,281.2
0,25229.0,283.2
0,25234.0,240.66666666666666
0,25257.0,227.28571428571428
0,25260.0,230.28571428571428
0,25274.0,244.28571428571428
0,25285.0,224.375
0,25287.0,226.375
0,25301.0,240.375
0,25335.0,274.375
0,25340.0,310.2857142857143
0,25342.0,312.2857142857143
0,25347.0,317.2857142857143
0,25352.0,322.2857142857143
0,25368.0,338.2857142857143
0,25375.0,345.2857142857143
0,25391.0,361.2857142857143
0,25414.0,329.3333333333333
0,25421.0,336.3333333333333
0,25431.0,346.3333333333333
0,25457.0,372.3333333333333
0,25459.0,374.3333333333333
0,25466.0,381.3333333333333
0,25477.0,392.3333333333333
0,25495.0,353.57142857142856
0,25503.0,361.57142857142856
0,25510.0,368.57142857142856
0,25521.0,305.8333333333333
0,25530.0,314.8333333333333
0,25532.0,316.8333333333333
0,25545.0,329.8333333333333
0,25564.0,348.8333333333333
0,25577.0,307.5
0,25578.0,308.5
0,25589.0,319.5
0,25593.0,323.5
0,25604.0,334.5
0,25606.0,336.5
0,25637.0,355.0
0,25646.0,364.0
0,25654.0,372.0
0,25677.0,327.3333333333333
0,25684.0,334.3333333333333
0,25695.0,345.3333333333333
0,25696.0,346.3333333333333
0,25702.0,352.3333333333333
0,25713.0,363.3333333333333
0,25735.0,385.3333333333333
0,25745.0,395.3333333333333
0,25759.0,409.3333333333333
0,25767.0,408.6
0,25786.0,427.6
0,25797.0,438.6
0,25809.0,450.6
0,25815.0,401.75
0,25816.0,402.75
0,25844.0,430.75
0,25849.0,435.75
0,25889.0,475.75
0,25921.0,323.0
0,25934.0,336.0
0,25941.0,287.5
0,25947.0,293.5
0,25962.0,308.5
0,25968.0,257.3333333333333
0,25971.0,260.3333333333333
0,25986.0,275.3333333333333
0,25989.0,278.3333333333333
0,26021.0,310.3333333333333
0,26031.0,320.3333333333333
0,26067.0,356.3333333333333
0,26075.0,364.3333333333333
0,26090.0,379.3333333333333
0,26091.0,380.3333333333333
0,26103.0,484.0
0,26115.0,333.6666666666667
0,26126.0,258.75
0,26129.0,261.75
0,26131.0,263.75
0,26132.0,264.75
0,26142.0,274.75
0,26150.0,282.75
0,26157.0,289.75
0,26207.0,274.6
0,26210.0,277.6
0,26226.0,245.66666666666666
0,26230.0,249.66666666666666
0,26237.0,256.6666666666667
0,26240.0,259.6666666666667
0,26241.0,260.6666666666667
0,26264.0,283.6666666666667
0,26277.0,296.6666666666667
0,26296.0,315.6666666666667
0,26307.0,326.6666666666667
0,26309.0,328.6666666666667
0,26334.0,353.6666666666667
0,26336.0,355.6666666666667
0,26350.0,288.4
0,26358.0,296.4
0,26381.0,319.4
0,26424.0,279.5
0,26427.0,282.5
0,26437.0,228.83333333333334
0,26438.0,229.83333333333334
0,26458.0,215.28571428571428
0,26464.0,221.28571428571428
0,26469.0,226.28571428571428
0,26472.0,229.28571428571428
0,26477.0,234.28571428571428
0,26509.0,234.875
0,26515.0,214.44444444444446
0,26518.0,217.44444444444446
0,26544.0,221.5
0,26572.0,249.5
0,26573.0,250.5
0,26584.0,261.5
0,26589.0,248.0
0,26615.0,274.0
0,26620.0,279.0
0,26641.0,300.0
0,26662.0,321.0
0,26678.0,295.625
0,26701.0,318.625
0,26704.0,321.625
0,26710.0,327.625
0,26721.0,338.625
0,26735.0,371.14285714285717
0,26748.0,389.3333333333333
0,26759.0,400.3333333333333
0,26764.0,405.3333333333333
0,26766.0,407.3333333333333
0,26790.0,431.3333333333333
0,26792.0,433.3333333333333
0,26809.0,288.14285714285717
0,26810.0,289.14285714285717
0,26820.0,242.14285714285714
0,26831.0,253.14285714285714
0,26857.0,279.14285714285717
0,26875.0,297.14285714285717
0,26889.0,311.14285714285717
0,26900.0,289.8333333333333
0,26903.0,292.8333333333333
0,26910.0,299.8333333333333
0,26918.0,307.8333333333333
0,26922.0,267.85714285714283
0,26936.0,281.85714285714283
0,26948.0,259.8333333333333
0,26969.0,280.8333333333333
0,26988.0,296.6
0,26995.0,303.6
0,26999.0,307.6
0,27015.0,323.6
0,27019.0,327.6
0,27025.0,333.6
0,27031.0,339.6
0,27048.0,298.8333333333333
0,27056.0,306.8333333333333
0,27057.0,307.8333333333333
0,27091.0,341.8333333333333
0,27113.0,363.8333333333333
0,27114.0,364.8333333333333
0,27144.0,428.6
0,27146.0,430.6
0,27164.0,448.6
0,27173.0,402.25
0,27184.0,413.25
0,27197.0,426.25
0,27201.0,430.25
0,27213.0,305.75
0,27218.0,310.75
0,27233.0,325.75
0,27241.0,333.75
0,27252.0,344.75
0,27254.0,346.75
0,27258.0,350.75
0,27290.0,382.75
0,27291.0,383.75
0,27295.0,353.3333333333333
0,27303.0,288.5
0,27314.0,299.5
0,27329.0,314.5
0,27337.0,322.5
0,27358.0,343.5
0,27360.0,345.5
0,27362.0,347.5
0,27373.0,358.5
0,27391.0,376.5
0,27401.0,386.5
0,27407.0,392.5
0,27471.0,456.5
0,27473.0,458.5
0,27481.0,466.5
0,27493.0,478.5
0,27494.0,479.5
0,27498.0,483.5
0,27508.0,493.5
0,27512.0,497.5
0,27513.0,498.5
0,27530.0,515.5
0,27534.0,519.5
0,27566.0,551.5
0,27568.0,553.5
0,27588.0,573.5
0,27589.0,574.5
0,27596.0,581.5
0,27611.0,596.5
0,27615.0,600.5
0,27621.0,606.5
0,27631.0,616.5
0,27652.0,637.5
0,27667.0,652.5
0,27678.0,663.5
0,27689.0,453.0
0,27692.0,456.0
0,27699.0,463.0
0,27706.0,375.0
0,27725.0,394.0
0,27735.0,404.0
0,27758.0,427.0
0,27771.0,440.0
0,27776.0,445.0
0,27791.0,460.0
0,27795.0,464.0
0,27798.0,467.0
0,27820.0,489.0
0,27825.0,494.0
0,27830.0,499.0
0,27849.0,518.0
0,27852.0,521.0
0,27897.0,287.3333333333333
0,27921.0,235.0
0,27930.0,244.0
0,27931.0,245.0
0,27969.0,283.0
0,27970.0,284.0
0,28008.0,143.25
0,28020.0,155.25
0,28033.0,168.25
0,28035.0,170.25
0,28057.0,192.25
0,28059.0,194.25
0,28061.0,196.25
0,28103.0,176.33333333333334
0,28106.0,179.33333333333334
0,28107.0,180.33333333333334
0,28126.0,199.33333333333334
0,28129.0,202.33333333333334
0,28136.0,209.33333333333334
0,28137.0,210.33333333333334
0,28152.0,225.33333333333334
0,28157.0,230.33333333333334
0,28178.0,251.33333333333334
0,28204.0,277.3333333333333
0,28222.0,295.3333333333333
0,28240.0,313.3333333333333
0,28261.0,334.3333333333333
0,28262.0,335.3333333333333
0,28265.0,338.3333333333333
0,28278.0,265.25
0,28279.0,266.25
0,28286.0,273.25
0,28295.0,226.6
0,28300.0,231.6
0,28311.0,242.6
0,28329.0,260.6
0,28361.0,292.6
0,28366.0,297.6
0,28383.0,314.6
0,28388.0,319.6
0,28394.0,325.6
0,28406.0,337.6
0,28435.0,366.6
0,28437.0,368.6
0,28461.0,443.25
0,28465.0,447.25
0,28469.0,451.25
0,28480.0,462.25
0,28488.0,470.25
0,28498.0,480.25
0,28503.0,485.25
0,28536.0,518.25
0,28546.0,494.0
0,28549.0,497.0
0,28551.0,499.0
0,28571.0,519.0
0,28585.0,533.0
0,28588.0,536.0
0,28616.0,427.25
0,28625.0,436.25
0,28632.0,412.5
0,28666.0,446.5
0,28667.0,447.5
0,28673.0,453.5
0,28698.0,478.5
0,28716.0,496.5
0,28724.0,389.3333333333333
0,28740.0,405.3333333333333
0,28758.0,555.5
0,28772.0,481.0
0,28781.0,490.0
0,28785.0,494.0
0,28796.0,496.0
0,28813.0,513.0
0,28823.0,523.0
0,28825.0,525.0
0,28845.0,281.5
0,28856.0,292.5
0,28859.0,295.5
0,28890.0,224.0
0,28915.0,249.0
0,28922.0,72.66666666666667
0,28923.0,73.66666666666667
0,28939.0,89.66666666666667
0,28995.0,115.5
0,29000.0,120.5
0,29011.0,131.5
0,29021.0,141.5
0,29028.0,119.8
0,29041.0,132.8
0,29052.0,143.8
0,29057.0,148.8
0,29066.0,157.8
0,29071.0,162.8
0,29116.0,177.16666666666666
0,29118.0,179.16666666666666
0,29127.0,194.4
0,29128.0,195.4
0,29145.0,212.4
0,29147.0,214.4
0,29157.0,224.4
0,29184.0,251.4
0,29190.0,257.4
0,29194.0,261.4
0,29196.0,263.4
0,29198.0,265.4
0,29213.0,280.4
0,29225.0,292.4
0,29239.0,306.4
0,29245.0,312.4
0,29258.0,325.4
0,29292.0,359.4
0,29306.0,313.1666666666667
0,29312.0,273.85714285714283
0,29320.0,281.85714285714283
0,29339.0,263.375
0,29344.0,268.375
0,29353.0,277.375
0,29356.0,280.375
0,29368.0,292.375
0,29377.0,301.375
0,29382.0,306.375
0,29394.0,318.375
0,29400.0,324.375
0,29416.0,340.375
0,29436.0,360.375
0,29444.0,360.85714285714283
0,29454.0,370.85714285714283
0,29476.0,392.85714285714283
0,29482.0,398.85714285714283
0,29491.0,445.6666666666667
0,29504.0,458.6666666666667
0,29523.0,477.6666666666667
0,29527.0,481.6666666666667
0,29529.0,483.6666666666667
0,29533.0,452.8
0,29541.0,397.5
0,29549.0,405.5
0,29550.0,406.5
0,29599.0,455.5
0,29602.0,458.5
0,29613.0,452.3333333333333
0,29615.0,454.3333333333333
0,29625.0,531.0
0,29641.0,547.0
0,29650.0,556.0
0,29672.0,578.0
0,29685.0,591.0
0,29696.0,602.0
0,29697.0,603.0
0,29698.0,604.0
0,29726.0,196.5
0,29733.0,203.5
0,29740.0,210.5
0,29757.0,227.5
0,29782.0,252.5
0,29792.0,262.5
0,29821.0,291.5
0,29838.0,308.5
0,29850.0,217.33333333333334
0,29851.0,218.33333333333334
0,29857.0,224.33333333333334
0,29888.0,255.33333333333334
0,29895.0,115.0
0,29905.0,125.0
0,29906.0,126.0
0,29908.0,128.0
0,29924.0,144.0
0,29931.0,151.0
0,29948.0,168.0
0,29959.0,179.0
0,29980.0,139.0
0,30006.0,165.0
0,30009.0,168.0
0,30025.0,139.0
0,30026.0,140.0
0,30034.0,148.0
0,30040.0,154.0
0,30051.0,165.0
0,30076.0,190.0
0,30083.0,197.0
0,30085.0,199.0
0,30086.0,200.0
0,30090.0,204.0
0,30100.0,214.0
0,30105.0,219.0
0,30106.0,220.0
0,30110.0,224.0
0,30138.0,252.0
0,30186.0,300.0
0,30187.0,301.0
0,30189.0,303.0
0,30199.0,313.0
0,30201.0,315.0
0,30203.0,317.0
0,30206.0,320.0
0,30226.0,340.0
0,30233.0,347.0
0,30241.0,380.6666666666667
0,30258.0,397.6666666666667
0,30262.0,401.6666666666667
0,30281.0,420.6666666666667
0,30289.0,428.6666666666667
0,30293.0,432.6666666666667
0,30294.0,433.6666666666667
0,30320.0,459.6666666666667
0,30322.0,461.6666666666667
0,30327.0,305.0
0,30354.0,332.0
0,30380.0,358.0
0,30390.0,368.0
0,30417.0,296.5
0,30425.0,304.5
0,30427.0,306.5
0,30438.0,244.66666666666666
0,30447.0,253.66666666666666
0,30474.0,213.75
0,30488.0,227.75
0,30494.0,233.75
0,30513.0,252.75
0,30515.0,254.75
0,30528.0,267.75
0,30571.0,310.75
0,30578.0,317.75
0,30600.0,199.33333333333334
0,30601.0,200.33333333333334
0,30608.0,207.33333333333334
0,30613.0,212.33333333333334
0,30624.0,223.33333333333334
0,30630.0,229.33333333333334
0,30635.0,234.33333333333334
0,30638.0,237.33333333333334
0,30657.0,256.3333333333333
0,30665.0,264.3333333333333
0,30678.0,277.3333333333333
0,30696.0,258.0
0,30726.0,288.0
0,30734.0,296.0
0,30735.0,297.0
0,30738.0,300.0
0,30763.0,325.0
0,30777.0,230.33333333333334
0,30792.0,245.33333333333334
0,30796.0,249.33333333333334
0,30802.0,255.33333333333334
0,30804.0,257.3333333333333
0,30817.0,270.3333333333333
0,30821.0,274.3333333333333
0,30841.0,294.3333333333333
0,30844.0,297.3333333333333
0,30857.0,310.3333333333333
0,30890.0,263.25
0,30894.0,267.25
0,30911.0,228.6
0,30923.0,240.6
0,30943.0,260.6
0,30956.0,273.6
0,30978.0,295.6
0,30980.0,297.6
0,30992.0,309.6
0,30996.0,313.6
0,31003.0,320.6
0,31011.0,328.6
0,31013.0,330.6
0,31015.0,332.6
0,31033.0,283.75
0,31052.0,206.33333333333334
0,31079.0,233.33333333333334
0,31088.0,242.33333333333334
0,31096.0,250.33333333333334
0,31101.0,239.0
0,31102.0,240.0
0,31107.0,175.4
0,31116.0,172.6
0,31119.0,175.6
0,31121.0,177.6
0,31137.0,162.16666666666666
0,31150.0,175.16666666666666
0,31161.0,186.16666666666666
0,31185.0,180.85714285714286
0,31191.0,186.85714285714286
0,31192.0,187.85714285714286
0,31197.0,192.85714285714286
0,31205.0,200.85714285714286
0,31226.0,221.85714285714286
0,31228.0,223.85714285714286
0,31234.0,229.85714285714286
0,31241.0,236.85714285714286
0,31245.0,211.125
0,31253.0,219.125
0,31260.0,226.125
0,31283.0,221.66666666666666
0,31291.0,229.66666666666666
0,31295.0,233.66666666666666
0,31323.0,261.6666666666667
0,31357.0,268.1111111111111
0,31371.0,282.1111111111111
0,31381.0,292.1111111111111
0,31391.0,302.1111111111111
0,31394.0,305.1111111111111
0,31427.0,349.5
0,31428.0,350.5
0,31450.0,372.5
0,31461.0,383.5
0,31463.0,385.5
0,31473.0,395.5
0,31477.0,399.5
0,31484.0,376.42857142857144
0,31498.0,390.42857142857144
0,31516.0,408.42857142857144
0,31521.0,413.42857142857144
0,31524.0,416.42857142857144
0,31532.0,424.42857142857144
0,31557.0,449.42857142857144
0,31558.0,450.42857142857144
0,31562.0,454.42857142857144
0,31563.0,455.42857142857144
0,31583.0,475.42857142857144
0,31596.0,488.42857142857144
0,31609.0,501.42857142857144
0,31629.0,521.4285714285714
0,31633.0,554.3333333333334
0,31672.0,593.3333333333334
0,31679.0,600.3333333333334
0,31684.0,605.3333333333334
0,31687.0,608.3333333333334
0,31698.0,584.6
0,31701.0,587.6
0,31703.0,589.6
0,31708.0,594.6
0,31725.0,611.6
0,31756.0,642.6
0,31759.0,645.6
0,31763.0,649.6
0,31764.0,650.6
0,31774.0,692.75
0,31792.0,710.75
0,31805.0,710.3333333333334
0,31810.0,715.3333333333334
0,31818.0,694.0
0,31830.0,706.0
0,31859.0,743.0
0,31861.0,745.0
0,31863.0,747.0
0,31866.0,750.0
0,31870.0,377.5
0,31874.0,381.5
0,31881.0,388.5
0,31892.0,284.5
0,31916.0,308.5
0,31918.0,207.33333333333334
0,31935.0,224.33333333333334
0,31964.0,253.33333333333334
0,31971.0,260.3333333333333
0,31973.0,262.3333333333333
0,31988.0,277.3333333333333
0,32009.0,228.0
0,32013.0,232.0
0,32025.0,244.0
0,32060.0,279.0
0,32062.0,281.0
0,32063.0,282.0
0,32075.0,339.3333333333333
0,32081.0,345.3333333333333
0,32099.0,220.2
0,32107.0,228.2
0,32121.0,242.2
0,32155.0,304.5
0,32161.0,310.5
0,32190.0,339.5
0,32205.0,434.0
0,32208.0,437.0
0,32210.0,439.0
0,32219.0,224.66666666666666
0,32281.0,286.6666666666667
0,32289.0,294.6666666666667
0,32296.0,301.6666666666667
0,32303.0,308.6666666666667
0,32325.0,330.6666666666667
0,32373.0,378.6666666666667
0,32382.0,387.6666666666667
0,32386.0,391.6666666666667
0,32400.0,304.75
0,32410.0,314.75
0,32426.0,330.75
0,32429.0,333.75
0,32457.0,361.75
0,32475.0,379.75
0,32476.0,380.75
0,32487.0,314.6
0,32489.0,316.6
0,32513.0,340.6
0,32539.0,366.6
0,32544.0,353.0
0,32567.0,376.0
0,32568.0,377.0
0,32576.0,369.0
0,32601.0,266.0
0,32612.0,277.0
0,32613.0,278.0
0,32616.0,281.0
0,32634.0,299.0
0,32654.0,319.0
0,32658.0,323.0
0,32660.0,242.33333333333334
0,32661.0,243.33333333333334
0,32678.0,260.3333333333333
0,32688.0,270.3333333333333
0,32697.0,366.0
0,32713.0,382.0
0,32734.0,470.0
0,32736.0,472.0
0,32747.0,483.0
0,32751.0,487.0
0,32759.0,495.0
0,32772.0,175.33333333333334
0,32788.0,191.33333333333334
0,32791.0,194.33333333333334
0,32803.0,206.33333333333334
0,32805.0,208.33333333333334
0,32816.0,166.25
0,32838.0,188.25
0,32846.0,196.25
0,32868.0,218.25
0,32874.0,224.25
0,32893.0,243.25
0,32908.0,209.6
0,32919.0,220.6
0,32934.0,235.6
0,32938.0,239.6
0,32940.0,241.6
0,32941.0,242.6
0,32944.0,273.25
0,32991.0,320.25
0,32999.0,328.25
0,33004.0,333.25
0,33016.0,345.25
0,33021.0,350.25
0,33044.0,302.2
0,33045.0,303.2
0,33069.0,327.2
0,33077.0,280.5
0,33088.0,291.5
0,33126.0,329.5
0,33129.0,332.5
0,33132.0,335.5
0,33137.0,254.83333333333334
0,33144.0,258.1666666666667
0,33159.0,273.1666666666667
0,33166.0,280.1666666666667
0,33172.0,260.8
0,33198.0,286.8
0,33219.0,307.8
0,33222.0,310.8
0,33233.0,321.8
0,33241.0,329.8
0,33245.0,333.8
0,33250.0,338.8
0,33262.0,350.8
0,33284.0,372.8
0,33288.0,376.8
0,33290.0,378.8
0,33322.0,347.0
0,33334.0,359.0
0,33344.0,369.0
0,33350.0,394.0
0,33357.0,401.0
0,33372.0,348.8333333333333
0,33379.0,355.8333333333333
0,33409.0,385.8333333333333
0,33426.0,402.8333333333333
0,33427.0,403.8333333333333
0,33429.0,405.8333333333333
0,33433.0,409.8333333333333
0,33435.0,329.8333333333333
0,33443.0,276.8
0,33479.0,253.33333333333334
0,33493.0,267.3333333333333
0,33495.0,269.3333333333333
0,33508.0,282.3333333333333
0,33524.0,255.85714285714286
0,33539.0,270.85714285714283
0,33554.0,250.5
0,33557.0,253.5
0,33575.0,271.5
0,33589.0,285.5
0,33592.0,288.5
0,33611.0,238.375
0,33615.0,242.375
0,33626.0,253.375
0,33643.0,270.375
0,33650.0,277.375
0,33656.0,283.375
0,33683.0,310.375
0,33696.0,323.375
0,33697.0,324.375
0,33714.0,341.375
0,33721.0,348.375
0,33723.0,350.375
0,33744.0,371.375
0,33756.0,345.0
0,33774.0,363.0
0,33790.0,332.875
0,33793.0,335.875
0,33797.0,339.875
0,33798.0,340.875
0,33801.0,343.875
0,33846.0,388.875
0,33849.0,348.55555555555554
0,33853.0,352.55555555555554
0,33854.0,353.55555555555554
0,33861.0,360.55555555555554
0,33863.0,362.55555555555554
0,33892.0,373.875
0,33894.0,375.875
0,33908.0,389.875
0,33917.0,361.85714285714283
0,33935.0,379.85714285714283
0,33951.0,395.85714285714283
0,33954.0,398.85714285714283
0,33985.0,429.85714285714283
0,33998.0,442.85714285714283
0,34006.0,450.1666666666667
0,34011.0,455.1666666666667
0,34018.0,462.1666666666667
0,34032.0,476.1666666666667
0,34039.0,483.1666666666667
0,34048.0,492.1666666666667
0,34050.0,494.1666666666667
0,34071.0,443.2857142857143
0,34088.0,460.2857142857143
0,34097.0,469.2857142857143
0,34110.0,426.6666666666667
0,34127.0,463.0
0,34136.0,472.0
0,34149.0,406.1666666666667
0,34163.0,376.2
0,34178.0,391.2
0,34199.0,264.8
0,34212.0,277.8
0,34213.0,278.8
0,34216.0,281.8
0,34219.0,284.8
0,34235.0,300.8
0,34237.0,302.8
0,34257.0,197.8
0,34264.0,204.8
0,34273.0,213.8
0,34328.0,268.8
0,34329.0,269.8
0,34330.0,270.8
0,34348.0,288.8
0,34349.0,289.8
0,34381.0,321.8
0,34396.0,336.8
0,34400.0,340.8
0,34401.0,341.8
0,34420.0,360.8
0,34421.0,361.8
0,34454.0,334.0
0,34457.0,337.0
0,34474.0,354.0
0,34481.0,361.0
0,34501.0,381.0
0,34518.0,343.4
0,34525.0,350.4
0,34526.0,351.4
0,34527.0,352.4
0,34558.0,319.6666666666667
0,34572.0,333.6666666666667
0,34574.0,335.6666666666667
0,34579.0,340.6666666666667
0,34591.0,352.6666666666667
0,34594.0,355.6666666666667
0,34599.0,360.6666666666667
0,34606.0,331.8
0,34616.0,341.8
0,34624.0,349.8
0,34637.0,362.8
0,34660.0,385.8
0,34681.0,406.8
0,34683.0,408.8
0,34699.0,462.25
0,34709.0,472.25
0,34713.0,476.25
0,34718.0,481.25
0,34724.0,487.25
0,34732.0,495.25
0,34783.0,546.25
0,34786.0,549.25
0,34796.0,559.25
0,34800.0,563.25
0,34804.0,567.25
0,34814.0,577.25
0,34823.0,586.25
0,34824.0,587.25
0,34826.0,589.25
0,34855.0,725.0
0,34884.0,571.25
0,34889.0,576.25
0,34910.0,597.25
0,34912.0,599.25
0,34925.0,399.0
0,34947.0,421.0
0,34949.0,423.0
0,34952.0,426.0
0,34982.0,456.0
0,34988.0,332.3333333333333
0,34998.0,342.3333333333333
0,35000.0,344.3333333333333
0,35001.0,345.3333333333333
0,35003.0,347.3333333333333
0,35019.0,497.0
0,35042.0,352.3333333333333
0,35069.0,379.3333333333333
0,35091.0,148.0
0,35098.0,155.0
0,35105.0,162.0
0,35123.0,180.0
0,35127.0,184.0
0,35133.0,190.0
0,35134.0,191.0
0,35145.0,202.0
0,35157.0,214.0
0,35189.0,246.0
0,35194.0,251.0
0,35222.0,279.0
0,35233.0,290.0
0,35243.0,300.0
0,35261.0,318.0
0,35279.0,336.0
0,35281.0,338.0
0,35299.0,238.66666666666666
0,35311.0,250.66666666666666
0,35336.0,275.6666666666667
0,35338.0,277.6666666666667
0,35340.0,279.6666666666667
0,35355.0,294.6666666666667
0,35356.0,295.6666666666667
0,35358.0,297.6666666666667
0,35359.0,298.6666666666667
0,35390.0,329.6666666666667
0,35399.0,338.6666666666667
0,35431.0,370.6666666666667
0,35442.0,381.6666666666667
0,35456.0,395.6666666666667
0,35468.0,407.6666666666667
0,35470.0,409.6666666666667
0,35471.0,410.6666666666667
0,35489.0,428.6666666666667
0,35498.0,437.6666666666667
0,35512.0,451.6666666666667
0,35514.0,453.6666666666667
0,35573.0,319.4
0,35575.0,321.4
0,35587.0,333.4
0,35590.0,336.4
0,35593.0,339.4
0,35596.0,342.4
0,35603.0,349.4
0,35607.0,353.4
0,35620.0,366.4
0,35630.0,376.4
0,35638.0,384.4
0,35644.0,390.4
0,35650.0,476.0
0,35663.0,489.0
0,35691.0,517.0
0,35696.0,522.0
0,35707.0,533.0
0,35709.0,535.0
0,35716.0,542.0
0,35718.0,544.0
0,35720.0,546.0
0,35722.0,548.0
0,35752.0,482.0
0,35769.0,499.0
0,35784.0,514.0
0,35785.0,515.0
0,35798.0,528.0
0,35809.0,480.0
0,35821.0,306.0
0,35824.0,309.0
0,35832.0,317.0
0,35867.0,352.0
0,35882.0,367.0
0,35888.0,373.0
0,35893.0,378.0
0,35918.0,403.0
0,35937.0,422.0
0,35940.0,425.0
0,36013.0,11.0
0,36019.0,8.0
0,36027.0,16.0
0,36056.0,45.0
0,36061.0,50.0
0,36070.0,59.0
0,36072.0,61.0
0,36085.0,74.0
0,36139.0,128.0
0,36164.0,116.5
0,36172.0,124.5
0,36183.0,135.5
0,36197.0,149.5
0,36199.0,151.5
0,36200.0,152.5
0,36233.0,126.33333333333333
0,36258.0,151.33333333333334
0,36260.0,153.33333333333334
0,36277.0,170.33333333333334
0,36282.0,175.33333333333334
0,36293.0,209.8
0,36312.0,228.8
0,36320.0,219.25
0,36336.0,235.25
0,36356.0,255.25
0,36374.0,273.25
0,36377.0,276.25
0,36385.0,284.25
0,36388.0,287.25
0,36395.0,294.25
0,36402.0,301.25
0,36404.0,303.25
0,36457.0,356.25
0,36458.0,357.25
0,36461.0,360.25
0,36469.0,410.0
0,36485.0,426.0
0,36497.0,438.0
0,36499.0,440.0
0,36503.0,444.0
0,36506.0,447.0
0,36529.0,470.0
0,36530.0,471.0
0,36534.0,475.0
0,36544.0,464.5
0,36567.0,328.3333333333333
0,36568.0,329.3333333333333
0,36574.0,335.3333333333333
0,36577.0,338.3333333333333
0,36591.0,311.5
0,36595.0,315.5
0,36653.0,373.5
0,36664.0,384.5
0,36665.0,385.5
0,36677.0,397.5
0,36682.0,402.5
0,36690.0,410.5
0,36698.0,280.0
0,36712.0,223.0
0,36736.0,318.0
0,36760.0,342.0
0,36764.0,346.0
0,36781.0,162.66666666666666
0,36793.0,167.0
0,36809.0,123.66666666666667
0,36841.0,155.66666666666666
0,36851.0,165.66666666666666
0,36865.0,179.66666666666666
0,36882.0,196.66666666666666
0,36895.0,145.5
0,36908.0,158.5
0,36921.0,171.5
0,36923.0,173.5
0,36934.0,184.5
0,36938.0,188.5
0,36952.0,160.5
0,36957.0,165.5
0,36983.0,135.0
0,37007.0,159.0
0,37045.0,197.0
0,37057.0,209.0
0,37059.0,211.0
0,37068.0,220.0
0,37073.0,133.33333333333334
0,37085.0,145.33333333333334
0,37097.0,157.33333333333334
0,37099.0,159.33333333333334
0,37106.0,166.33333333333334
0,37130.0,190.33333333333334
0,37131.0,191.33333333333334
0,37157.0,217.33333333333334
0,37159.0,219.33333333333334
0,37170.0,230.33333333333334
0,37187.0,247.33333333333334
0,37208.0,203.25
0,37210.0,205.25
0,37212.0,207.25
0,37241.0,221.66666666666666
0,37258.0,238.66666666666666
0,37268.0,248.66666666666666
0,37270.0,250.66666666666666
0,37279.0,259.6666666666667
0,37285.0,265.6666666666667
0,37286.0,266.6666666666667
0,37292.0,272.6666666666667
0,37316.0,296.6666666666667
0,37356.0,261.25
0,37359.0,264.25
0,37362.0,219.75
0,37368.0,214.5
0,37376.0,238.0
0,37392.0,254.0
0,37398.0,260.0
0,37399.0,261.0
0,37403.0,265.0
0,37426.0,288.0
0,37443.0,305.0
0,37447.0,309.0
0,37452.0,314.0
0,37462.0,324.0
0,37473.0,335.0
0,37491.0,353.0
0,37496.0,358.0
0,37509.0,371.0
0,37517.0,379.0
0,37528.0,390.0
0,37548.0,335.0
0,37549.0,336.0
0,37586.0,539.5
0,37616.0,569.5
0,37621.0,567.0
0,37629.0,575.0
0,37631.0,577.0
0,37640.0,586.0
0,37666.0,612.0
0,37670.0,616.0
0,37688.0,634.0
0,37694.0,640.0
0,37695.0,641.0
0,37704.0,329.0
0,37720.0,345.0
0,37726.0,351.0
0,37770.0,74.0
0,37774.0,78.0
0,37791.0,95.0
0,37799.0,103.0
0,37810.0,114.0
0,37816.0,120.0
0,37819.0,123.0
0,37842.0,146.0
0,37846.0,150.0
0,37857.0,161.0
0,37867.0,171.0
0,37872.0,176.0
0,37907.0,211.0
0,37925.0,229.0
0,37935.0,239.0
0,37950.0,254.0
0,37967.0,271.0
0,37982.0,286.0
0,37984.0,288.0
0,37989.0,293.0
0,37993.0,297.0
0,38012.0,316.0
0,38017.0,321.0
0,38026.0,330.0
0,38030.0,334.0
0,38037.0,341.0
0,38052.0,356.0
0,38058.0,362.0
0,38075.0,379.0
0,38101.0,405.0
0,38102.0,406.0
0,38121.0,213.5
0,38126.0,218.5
0,38142.0,149.66666666666666
0,38147.0,154.66666666666666
0,38153.0,160.66666666666666
0,38156.0,163.66666666666666
0,38164.0,171.66666666666666
0,38173.0,180.66666666666666
0,38179.0,186.66666666666666
0,38189.0,196.66666666666666
0,38191.0,198.66666666666666
0,38216.0,223.66666666666666
0,38238.0,315.5
0,38244.0,321.5
0,38248.0,325.5
0,38260.0,337.5
0,38270.0,347.5
0,38288.0,248.66666666666666
0,38307.0,267.6666666666667
0,38314.0,207.25
0,38319.0,212.25
0,38334.0,227.25
0,38397.0,290.25
0,38401.0,236.2
0,38418.0,253.2
0,38433.0,268.2
0,38457.0,292.2
0,38471.0,306.2
0,38478.0,313.2
0,38488.0,323.2
0,38503.0,326.75
0,38539.0,165.25
0,38543.0,169.25
0,38546.0,172.25
0,38575.0,201.25
0,38596.0,222.25
0,38607.0,233.25
0,38608.0,234.25
0,38612.0,238.25
0,38621.0,247.25
0,38623.0,249.25
0,38632.0,258.25
0,38633.0,259.25
0,38657.0,283.25
0,38679.0,305.25
0,38682.0,308.25
0,38694.0,320.25
0,38695.0,321.25
0,38698.0,324.25
0,38725.0,351.25
0,38732.0,358.25
0,38743.0,369.25
0,38770.0,396.25
0,38789.0,415.25
0,38809.0,435.25
0,38818.0,444.25
0,38836.0,440.6666666666667
0,38837.0,441.6666666666667
0,38856.0,460.6666666666667
0,38864.0,468.6666666666667
0,38880.0,327.6666666666667
0,38898.0,345.6666666666667
0,38899.0,346.6666666666667
0,38906.0,353.6666666666667
0,38907.0,354.6666666666667
0,38908.0,355.6666666666667
0,38925.0,233.0
0,38926.0,234.0
0,38941.0,249.0
0,38963.0,271.0
0,38983.0,291.0
0,38993.0,201.33333333333334
0,38998.0,206.33333333333334
0,38999.0,207.33333333333334
0,39001.0,209.33333333333334
0,39007.0,215.33333333333334
0,39028.0,236.33333333333334
0,39040.0,248.33333333333334
0,39049.0,257.3333333333333
0,39062.0,270.3333333333333
0,39067.0,275.3333333333333
0,39073.0,281.3333333333333
0,39082.0,290.3333333333333
0,39083.0,291.3333333333333
0,39085.0,293.3333333333333
0,39096.0,304.3333333333333
0,39102.0,310.3333333333333
0,39141.0,349.3333333333333
0,39163.0,371.3333333333333
0,39180.0,388.3333333333333
0,39198.0,406.3333333333333
0,39199.0,407.3333333333333
0,39203.0,411.3333333333333
0,39214.0,422.3333333333333
0,39242.0,450.3333333333333
0,39247.0,455.3333333333333
0,39286.0,494.3333333333333
0,39290.0,498.3333333333333
0,39320.0,396.5
0,39332.0,408.5
0,39338.0,332.0
0,39340.0,334.0
0,39361.0,355.0
0,39372.0,366.0
0,39376.0,370.0
0,39381.0,375.0
0,39385.0,379.0
0,39419.0,413.0
0,39420.0,414.0
0,39430.0,424.0
0,39438.0,337.0
0,39459.0,358.0
0,39485.0,384.0
0,39501.0,400.0
0,39511.0,410.0
0,39519.0,418.0
0,39527.0,426.0
0,39532.0,431.0
0,39538.0,437.0
0,39563.0,462.0
0,39581.0,534.5
0,39586.0,480.0
0,39589.0,483.0
0,39601.0,495.0
0,39610.0,504.0
0,39613.0,507.0
0,39634.0,528.0
0,39661.0,497.5
0,39669.0,505.5
0,39681.0,345.0
0,39891.0,33.0
0,39893.0,35.0
0,39914.0,56.0
0,39924.0,5.0
0,39939.0,20.0
0,39945.0,16.0
0,39962.0,25.666666666666668
0,39963.0,26.666666666666668
0,39971.0,34.666666666666664
0,39972.0,35.666666666666664
0,39980.0,43.666666666666664
0,39982.0,45.666666666666664
0,39987.0,50.666666666666664
0,39997.0,60.666666666666664
0,40007.0,54.0
0,40041.0,88.0
0,40047.0,94.0
0,40059.0,106.0
0,40063.0,110.0
0,40094.0,141.0
0,40096.0,143.0
0,40102.0,149.0
0,40124.0,171.0
0,40127.0,174.0
0,40129.0,176.0
0,40131.0,178.0
0,40140.0,187.0
0,40185.0,187.2
0,40191.0,193.2
0,40207.0,197.5
0,40278.0,221.0
0,40293.0,159.0
0,40296.0,162.0
0,40297.0,163.0
0,40298.0,164.0
0,40313.0,179.0
0,40315.0,181.0
0,40321.0,189.8
0,40328.0,196.8
0,40366.0,200.83333333333334
0,40371.0,176.85714285714286
0,40377.0,182.85714285714286
0,40386.0,191.85714285714286
0,40395.0,200.85714285714286
0,40396.0,201.85714285714286
0,40401.0,202.57142857142858
0,40406.0,207.57142857142858
0,40441.0,242.57142857142858
0,40455.0,224.0
0,40471.0,240.0
0,40474.0,243.0
0,40484.0,256.2
0,40492.0,264.2
0,40497.0,269.2
0,40502.0,274.2
0,40506.0,278.2
0,40515.0,287.2
0,40531.0,303.2
0,40571.0,271.0
0,40577.0,277.0
0,40602.0,302.0
0,40621.0,321.0
0,40630.0,330.0
0,40636.0,336.0
0,40643.0,302.0
0,40644.0,303.0
0,40656.0,315.0
0,40675.0,334.0
0,40699.0,358.0
0,40708.0,367.0
0,40716.0,375.0
0,40724.0,383.0
0,40734.0,393.0
0,40749.0,408.0
0,40757.0,416.0
0,40762.0,421.0
0,40772.0,323.75
0,40776.0,327.75
0,40809.0,308.0
0,40819.0,318.0
0,40838.0,337.0
0,40858.0,329.3333333333333
0,40861.0,332.3333333333333
0,40868.0,255.0
0,40875.0,262.0
0,40879.0,266.0
0,40887.0,274.0
0,40906.0,293.0
0,40918.0,206.0
0,40927.0,215.0
0,40930.0,218.0
0,40954.0,272.8
0,40964.0,282.8
0,40968.0,286.8
0,40981.0,299.8
0,40987.0,305.8
0,41003.0,321.8
0,41004.0,322.8
0,41015.0,278.6666666666667
0,41023.0,322.2
0,41032.0,331.2
0,41035.0,334.2
0,41048.0,263.25
0,41058.0,273.25
0,41068.0,283.25
0,41071.0,286.25
0,41085.0,300.25
0,41123.0,221.8
0,41137.0,235.8
0,41147.0,297.0
0,41158.0,308.0
0,41159.0,309.0
0,41162.0,151.33333333333334
0,41163.0,152.33333333333334
0,41194.0,183.33333333333334
0,41217.0,157.5
0,41233.0,173.5
0,41234.0,174.5
0,41238.0,178.5
0,41244.0,168.66666666666666
0,41257.0,181.66666666666666
0,41270.0,194.66666666666666
0,41289.0,213.66666666666666
0,41294.0,218.66666666666666
0,41298.0,222.66666666666666
0,41299.0,223.66666666666666
0,41311.0,151.0
0,41323.0,163.0
0,41376.0,216.0
0,41378.0,218.0
0,41402.0,242.0
0,41414.0,254.0
0,41418.0,258.0
0,41419.0,259.0
0,41423.0,263.0
0,41457.0,297.0
0,41474.0,314.0
0,41496.0,336.0
0,41503.0,343.0
0,41513.0,307.0
0,41577.0,206.0
0,41588.0,217.0
0,41593.0,222.0
0,41604.0,157.33333333333334
0,41607.0,160.33333333333334
0,41615.0,168.33333333333334
0,41622.0,175.33333333333334
0,41634.0,143.5
0,41636.0,145.5
0,41641.0,150.5
0,41649.0,158.5
0,41664.0,173.5
0,41680.0,189.5
0,41721.0,230.5
0,41736.0,245.5
0,41741.0,250.5
0,41748.0,206.4
0,41768.0,226.4
0,41788.0,246.4
0,41789.0,247.4
0,41806.0,264.4
0,41810.0,268.4
0,41811.0,269.4
0,41820.0,278.4
0,41830.0,288.4
0,41845.0,303.4
0,41855.0,313.4
0,41860.0,318.4
0,41866.0,324.4
0,41886.0,344.4
0,41925.0,383.4
0,41932.0,390.4
0,41938.0,396.4
0,41957.0,415.4
0,41964.0,422.4
0,41965.0,423.4
0,41972.0,430.4
0,41981.0,293.2
0,41984.0,296.2
0,42007.0,319.2
0,42013.0,325.2
0,42031.0,343.2
0,42056.0,368.2
0,42057.0,369.2
0,42062.0,374.2
0,42066.0,378.2
0,42089.0,334.6
0,42091.0,336.6
0,42096.0,341.6
0,42102.0,347.6
0,42111.0,356.6
0,42127.0,333.5
0,42133.0,339.5
0,42164.0,370.5
0,42175.0,381.5
0,42221.0,279.25
0,42248.0,306.25
0,42257.0,315.25
0,42263.0,321.25
0,42279.0,260.25
0,42284.0,330.6666666666667
0,42287.0,333.6666666666667
0,42296.0,342.6666666666667
0,42301.0,347.6666666666667
0,42314.0,360.6666666666667
0,42318.0,364.6666666666667
0,42326.0,435.5
0,42333.0,442.5
0,42340.0,95.0
0,42343.0,98.0
0,42354.0,109.0
0,42364.0,119.0
0,42413.0,108.5
0,42416.0,111.5
0,42424.0,119.5
0,42432.0,127.5
0,42434.0,129.5
0,42438.0,133.5
0,42444.0,139.5
0,42446.0,141.5
0,42471.0,166.5
0,42486.0,181.5
0,42501.0,133.66666666666666
0,42502.0,134.66666666666666
0,42518.0,150.66666666666666
0,42533.0,125.5
0,42545.0,111.4
0,42553.0,145.5
0,42562.0,154.5
0,42576.0,168.5
0,42591.0,183.5
0,42592.0,184.5
0,42597.0,189.5
0,42601.0,193.5
0,42604.0,196.5
0,42625.0,217.5
0,42628.0,220.5
0,42631.0,223.5
0,42640.0,232.5
0,42652.0,244.5
0,42674.0,266.5
0,42692.0,284.5
0,42693.0,285.5
0,42701.0,293.5
0,42739.0,331.5
0,42741.0,333.5
0,42748.0,340.5
0,42758.0,350.5
0,42773.0,365.5
0,42798.0,390.5
0,42814.0,406.5
0,42824.0,416.5
0,42827.0,419.5
0,42829.0,421.5
0,42835.0,347.0
0,42839.0,308.5
0,42849.0,318.5
0,42851.0,320.5
0,42881.0,350.5
0,42896.0,365.5
0,42898.0,367.5
0,42921.0,390.5
0,42922.0,391.5
0,42927.0,465.3333333333333
0,42933.0,471.3333333333333
0,42934.0,472.3333333333333
0,42937.0,475.3333333333333
0,42939.0,477.3333333333333
0,42961.0,499.3333333333333
0,42975.0,513.3333333333334
0,42991.0,397.75
0,43001.0,374.3333333333333
0,43018.0,260.0
0,43026.0,268.0
0,43046.0,288.0
0,43059.0,301.0
0,43074.0,316.0
0,43078.0,320.0
0,43086.0,328.0
0,43096.0,338.0
0,43100.0,342.0
0,43118.0,360.0
0,43143.0,262.3333333333333
0,43157.0,276.3333333333333
0,43161.0,280.3333333333333
0,43163.0,282.3333333333333
0,43201.0,320.3333333333333
0,43227.0,346.3333333333333
0,43251.0,493.0
0,43259.0,501.0
0,43272.0,514.0
0,43276.0,518.0
0,43279.0,521.0
0,43285.0,527.0
0,43299.0,364.0
0,43311.0,284.75
0,43315.0,288.75
0,43334.0,307.75
0,43342.0,149.66666666666666
0,43349.0,156.66666666666666
0,43397.0,204.66666666666666
0,43399.0,206.66666666666666
0,43402.0,209.66666666666666
0,43405.0,212.66666666666666
0,43411.0,218.66666666666666
0,43422.0,229.66666666666666
0,43440.0,247.66666666666666
0,43480.0,287.6666666666667
0,43490.0,297.6666666666667
0,43501.0,308.6666666666667
0,43512.0,319.6666666666667
0,43514.0,321.6666666666667
0,43530.0,337.6666666666667
0,43563.0,370.6666666666667
0,43564.0,371.6666666666667
0,43569.0,376.6666666666667
0,43582.0,389.6666666666667
0,43593.0,400.6666666666667
0,43594.0,401.6666666666667
0,43621.0,182.75
0,43638.0,199.75
0,43642.0,203.75
0,43646.0,207.75
0,43668.0,229.75
0,43687.0,219.0
0,43693.0,225.0
0,43724.0,256.0
0,43726.0,258.0
0,43733.0,265.0
0,43743.0,275.0
0,43748.0,280.0
0,43757.0,233.0
0,43760.0,236.0
0,43790.0,266.0
0,43815.0,291.0
0,43817.0,293.0
0,43826.0,302.0
0,43839.0,315.0
0,43847.0,323.0
0,43867.0,343.0
0,43868.0,344.0
0,43893.0,251.5
0,43900.0,258.5
0,43909.0,267.5
0,43914.0,272.5
0,43929.0,287.5
0,43933.0,291.5
0,43945.0,303.5
0,43946.0,304.5
0,43947.0,305.5
0,43955.0,313.5
0,43957.0,315.5
0,43963.0,321.5
0,43979.0,337.5
0,44000.0,358.5
0,44012.0,370.5
0,44036.0,394.5
0,44062.0,420.5
0,44074.0,432.5
0,44076.0,434.5
0,44101.0,438.0
0,44104.0,441.0
0,44109.0,446.0
0,44137.0,243.5
0,44142.0,248.5
0,44157.0,263.5
0,44169.0,275.5
0,44182.0,193.33333333333334
0,44203.0,214.33333333333334
0,44248.0,200.0
0,44255.0,78.66666666666667
0,44256.0,60.0
0,44258.0,62.0
0,44269.0,73.0
0,44271.0,75.0
0,44281.0,85.0
0,44300.0,104.0
0,44323.0,127.0
0,44330.0,134.0
0,44335.0,139.0
0,44336.0,140.0
0,44347.0,151.0
0,44370.0,174.0
0,44375.0,179.0
0,44385.0,189.0
0,44401.0,164.2
0,44409.0,172.2
0,44415.0,163.75
0,44426.0,174.75
0,44460.0,197.0
0,44481.0,218.0
0,44491.0,228.0
0,44492.0,229.0
0,44502.0,191.4
0,44515.0,204.4
0,44539.0,214.5
0,44547.0,222.5
0,44551.0,226.5
0,44555.0,230.5
0,44559.0,234.5
0,44571.0,305.3333333333333
0,44577.0,311.3333333333333
0,44588.0,322.3333333333333
0,44599.0,333.3333333333333
0,44602.0,336.3333333333333
0,44605.0,339.3333333333333
0,44607.0,341.3333333333333
0,44616.0,350.3333333333333
0,44617.0,351.3333333333333
0,44634.0,368.3333333333333
0,44637.0,371.3333333333333
0,44673.0,310.75
0,44676.0,313.75
0,44682.0,240.33333333333334
0,44690.0,248.33333333333334
0,44700.0,258.3333333333333
0,44717.0,275.3333333333333
0,44733.0,291.3333333333333
0,44771.0,250.25
0,44778.0,257.25
0,44797.0,276.25
0,44821.0,300.25
0,44828.0,307.25
0,44830.0,309.25
0,44834.0,255.0
0,44850.0,271.0
0,44859.0,280.0
0,44875.0,202.66666666666666
0,44884.0,211.66666666666666
0,44890.0,217.66666666666666
0,44898.0,225.66666666666666
0,44907.0,234.66666666666666
0,44913.0,240.66666666666666
0,44917.0,244.66666666666666
0,44941.0,230.0
0,44957.0,246.0
0,44960.0,249.0
0,44966.0,255.0
0,44974.0,263.0
0,45026.0,315.0
0,45033.0,166.5
0,45058.0,191.5
0,45067.0,200.5
0,45075.0,208.5
0,45076.0,209.5
0,45083.0,216.5
0,45104.0,237.5
0,45112.0,245.5
0,45117.0,250.5
0,45125.0,258.5
0,45166.0,299.5
0,45172.0,205.0
0,45183.0,216.0
0,45194.0,171.0
0,45201.0,178.0
0,45216.0,156.4
0,45218.0,158.4
0,45224.0,201.0
0,45227.0,204.0
0,45236.0,171.6
0,45243.0,178.6
0,45249.0,184.6
0,45269.0,204.6
0,45272.0,207.6
0,45275.0,210.6
0,45285.0,220.6
0,45293.0,228.6
0,45319.0,213.83333333333334
0,45343.0,204.28571428571428
0,45344.0,205.28571428571428
0,45357.0,218.28571428571428
0,45362.0,223.28571428571428
0,45363.0,224.28571428571428
0,45369.0,221.0
0,45378.0,230.0
0,45382.0,234.0
0,45392.0,195.83333333333334
0,45415.0,218.83333333333334
0,45418.0,221.83333333333334
0,45426.0,229.83333333333334
0,45440.0,243.83333333333334
0,45453.0,256.8333333333333
0,45469.0,301.6
0,45476.0,308.6
0,45479.0,311.6
0,45490.0,324.0
0,45505.0,339.0
0,45520.0,354.0
0,45536.0,370.0
0,45547.0,381.0
0,45553.0,387.0
0,45569.0,323.0
0,45599.0,243.0
0,45602.0,246.0
0,45617.0,261.0
0,45637.0,281.0
0,45640.0,284.0
0,45659.0,271.5
0,45671.0,283.5
0,45672.0,284.5
0,45675.0,287.5
0,45719.0,298.25
0,45727.0,246.4
0,45728.0,247.4
0,45735.0,176.25
0,45736.0,177.25
0,45737.0,178.25
0,45749.0,190.25
0,45770.0,211.25
0,45776.0,217.25
0,45790.0,231.25
0,45797.0,238.25
0,45798.0,239.25
0,45828.0,269.25
0,45838.0,279.25
0,45848.0,289.25
0,45874.0,315.25
0,45879.0,320.25
0,45881.0,322.25
0,45915.0,356.25
0,45921.0,362.25
0,45926.0,367.25
0,45935.0,376.25
0,45936.0,377.25
0,45942.0,383.25
0,45961.0,402.25
0,45982.0,423.25
0,46000.0,441.25
0,46006.0,447.25
0,46011.0,452.25
0,46031.0,472.25
0,46053.0,494.25
0,46057.0,498.25
0,46060.0,501.25
0,46065.0,506.25
0,46085.0,526.25
0,46098.0,539.25
0,46099.0,540.25
0,46104.0,545.25
0,46120.0,547.6666666666666
0,46144.0,550.0
0,46152.0,558.0
0,46176.0,582.0
0,46188.0,594.0
0,46190.0,596.0
0,46194.0,522.0
0,46207.0,519.5
0,46210.0,522.5
0,46233.0,534.0
0,46240.0,541.0
0,46268.0,15.0
0,46276.0,23.0
0,46281.0,28.0
0,46296.0,28.0
0,46302.0,34.0
0,46305.0,37.0
0,46307.0,39.0
0,46308.0,40.0
0,46333.0,65.0
0,46337.0,69.0
0,46350.0,82.0
0,46354.0,86.0
0,46370.0,102.0
0,46374.0,106.0
0,46406.0,138.0
0,46418.0,150.0
0,46443.0,175.0
0,46460.0,129.66666666666666
0,46494.0,163.66666666666666
0,46497.0,166.66666666666666
0,46500.0,169.66666666666666
0,46510.0,179.66666666666666
0,46515.0,184.66666666666666
0,46540.0,209.66666666666666
0,46556.0,172.0
0,46563.0,179.0
0,46583.0,199.0
0,46598.0,214.0
0,46599.0,215.0
0,46600.0,216.0
0,46628.0,195.6
0,46657.0,224.6
0,46668.0,235.6
0,46682.0,249.6
0,46685.0,252.6
0,46700.0,267.6
0,46705.0,272.6
0,46724.0,246.75
0,46732.0,254.75
0,46733.0,255.75
0,46791.0,254.4
0,46805.0,268.4
0,46808.0,271.4
0,46812.0,275.4
0,46825.0,288.4
0,46828.0,291.4
0,46847.0,310.4
0,46857.0,320.4
0,46859.0,322.4
0,46893.0,356.4
0,46920.0,383.4
0,46921.0,384.4
0,46932.0,395.4
0,46937.0,400.4
0,46938.0,401.4
0,46942.0,405.4
0,46943.0,428.75
0,46950.0,435.75
0,46958.0,443.75
0,46960.0,445.75
0,46965.0,450.75
0,46975.0,460.75
0,47019.0,504.75
0,47026.0,511.75
0,47047.0,532.75
0,47052.0,537.75
0,47055.0,540.75
0,47062.0,547.75
0,47063.0,548.75
0,47082.0,567.75
0,47115.0,600.75
0,47150.0,616.0
0,47158.0,624.0
0,47169.0,635.0
0,47176.0,642.0
0,47234.0,534.5
0,47236.0,536.5
0,47241.0,541.5
0,47249.0,410.6666666666667
0,47271.0,432.6666666666667
0,47278.0,439.6666666666667
0,47284.0,445.6666666666667
0,47288.0,449.6666666666667
0,47299.0,460.6666666666667
0,47323.0,484.6666666666667
0,47329.0,490.6666666666667
0,47342.0,503.6666666666667
0,47352.0,513.6666666666666
0,47382.0,543.6666666666666
0,47397.0,558.6666666666666
0,47409.0,424.0
0,47410.0,425.0
0,47443.0,458.0
0,47456.0,471.0
0,47471.0,486.0
0,47477.0,492.0
0,47498.0,513.0
0,47522.0,537.0
0,47531.0,546.0
0,47535.0,550.0
0,47546.0,561.0
0,47547.0,562.0
0,47548.0,563.0
0,47575.0,379.0
0,47586.0,390.0
0,47603.0,407.0
0,47632.0,223.0
0,47634.0,225.0
0,47636.0,227.0
0,47652.0,243.0
0,47659.0,250.0
0,47677.0,268.0
0,47680.0,271.0
0,47687.0,278.0
0,47712.0,208.66666666666666
0,47725.0,221.66666666666666
0,47730.0,226.66666666666666
0,47737.0,233.66666666666666
0,47751.0,247.66666666666666
0,47756.0,252.66666666666666
0,47770.0,266.6666666666667
0,47796.0,292.6666666666667
0,47881.0,377.6666666666667
0,47892.0,388.6666666666667
0,47899.0,395.6666666666667
0,47912.0,408.6666666666667
0,47913.0,409.6666666666667
0,47915.0,411.6666666666667
0,47958.0,454.6666666666667
0,47963.0,459.6666666666667
0,47971.0,407.3333333333333
0,47978.0,230.5
0,47980.0,232.5
0,48005.0,176.0
0,48017.0,188.0
0,48051.0,222.0
0,48055.0,226.0
0,48104.0,275.0
0,48107.0,278.0
0,48108.0,279.0
0,48124.0,295.0
0,48131.0,302.0
0,48172.0,260.0
0,48181.0,269.0
0,48194.0,282.0
0,48196.0,284.0
0,48200.0,206.75
0,48228.0,234.75
0,48234.0,240.75
0,48241.0,247.75
0,48283.0,233.6
0,48298.0,248.6
0,48306.0,256.6
0,48308.0,258.6
0,48317.0,267.6
0,48324.0,274.6
0,48327.0,277.6
0,48339.0,289.6
0,48346.0,296.6
0,48364.0,314.6
0,48388.0,338.6
0,48417.0,309.1666666666667
0,48437.0,329.1666666666667
0,48446.0,338.1666666666667
0,48470.0,223.83333333333334
0,48474.0,227.83333333333334
0,48484.0,237.83333333333334
0,48490.0,243.83333333333334
0,48502.0,255.83333333333334
0,48509.0,262.8333333333333
0,48530.0,283.8333333333333
0,48549.0,302.8333333333333
0,48560.0,296.1666666666667
0,48571.0,307.1666666666667
0,48600.0,336.1666666666667
0,48615.0,351.1666666666667
0,48638.0,374.1666666666667
0,48641.0,377.1666666666667
0,48685.0,421.1666666666667
0,48688.0,424.1666666666667
0,48690.0,426.1666666666667
0,48703.0,418.6
0,48725.0,440.6
0,48731.0,446.6
0,48734.0,449.6
0,48736.0,451.6
0,48739.0,454.6
0,48807.0,522.6
0,48816.0,444.1666666666667
0,48825.0,453.1666666666667
0,48833.0,498.4
0,48835.0,500.4
0,48841.0,420.75
0,48877.0,456.75
0,48892.0,471.75
0,48913.0,492.75
0,48920.0,499.75
0,48925.0,504.75
0,48942.0,392.6666666666667
0,48972.0,422.6666666666667
0,48977.0,427.6666666666667
0,49009.0,459.6666666666667
0,49016.0,466.6666666666667
0,49020.0,470.6666666666667
0,49039.0,489.6666666666667
0,49042.0,492.6666666666667
0,49076.0,526.6666666666666
0,49086.0,536.6666666666666
0,49093.0,543.6666666666666
0,49097.0,547.6666666666666
0,49134.0,443.0
0,49136.0,445.0
0,49154.0,463.0
0,49156.0,465.0
0,49163.0,329.0
0,49180.0,304.0
0,49203.0,265.8
0,49213.0,275.8
0,49219.0,281.8
0,49226.0,288.8
0,49241.0,303.8
0,49245.0,307.8
0,49250.0,312.8
0,49281.0,311.75
0,49289.0,319.75
0,49297.0,327.75
0,49306.0,336.75
0,49318.0,348.75
0,49326.0,167.0
0,49329.0,170.0
0,49372.0,213.0
0,49377.0,218.0
0,49396.0,237.0
0,49402.0,243.0
0,49403.0,244.0
0,49409.0,250.0
0,49418.0,259.0
0,49442.0,283.0
0,49449.0,290.0
0,49472.0,313.0
0,49514.0,355.0
0,49526.0,367.0
0,49534.0,375.0
0,49545.0,386.0
0,49572.0,314.0
0,49573.0,315.0
0,49579.0,321.0
0,49587.0,329.0
0,49612.0,354.0
0,49631.0,373.0
0,49661.0,403.0
0,49667.0,409.0
0,49682.0,424.0
0,49712.0,454.0
0,49724.0,466.0
0,49736.0,478.0
0,49744.0,486.0
0,49747.0,489.0
0,49769.0,511.0
0,49782.0,524.0
0,49801.0,543.0
0,49802.0,544.0
0,49818.0,560.0
0,49826.0,568.0
0,49833.0,575.0
0,49837.0,579.0
0,49840.0,582.0
0,49877.0,619.0
0,49893.0,635.0
0,49899.0,615.6666666666666
0,49908.0,760.5
0,49921.0,773.5
0,49936.0,788.5
0,49943.0,532.0
0,49965.0,554.0
0,49999.0,444.25
0,50007.0,452.25
0,50022.0,467.25
0,50024.0,469.25
0,50025.0,470.25
0,50035.0,480.25
0,50066.0,280.5
0,50115.0,414.0
0,50124.0,423.0
0,50132.0,132.0
0,50133.0,133.0
0,50150.0,150.0
0,50152.0,152.0
0,50159.0,159.0
0,50220.0,175.25
0,50232.0,187.25
0,50265.0,220.25
0,50274.0,229.25
0,50317.0,272.25
0,50328.0,283.25
0,50336.0,291.25
0,50353.0,308.25
0,50371.0,326.25
0,50385.0,340.25
0,50409.0,364.25
0,50422.0,377.25
0,50425.0,380.25
0,50438.0,373.6666666666667
0,50441.0,376.6666666666667
0,50478.0,413.6666666666667
0,50499.0,329.5
0,50504.0,334.5
0,50511.0,341.5
0,50513.0,343.5
0,50538.0,368.5
0,50549.0,379.5
0,50584.0,414.5
0,50599.0,429.5
0,50616.0,446.5
0,50619.0,449.5
0,50633.0,463.5
0,50637.0,467.5
0,50657.0,487.5
0,50669.0,400.4
0,50679.0,410.4
0,50732.0,463.4
0,50733.0,464.4
0,50747.0,478.4
0,50759.0,490.4
0,50761.0,492.4
0,50775.0,506.4
0,50777.0,508.4
0,50778.0,509.4
0,50793.0,441.75
0,50823.0,383.2
0,50842.0,402.2
0,50848.0,340.0
0,50856.0,342.25
0,50863.0,349.25
0,50872.0,358.25
0,50897.0,383.25
0,50933.0,419.25
0,50979.0,410.5
0,50984.0,415.5
0,50986.0,417.5
0,50988.0,419.5
0,51001.0,302.6666666666667
0,51047.0,348.6666666666667
0,51055.0,356.6666666666667
0,51066.0,367.6666666666667
0,51076.0,284.5
0,51083.0,176.0
0,51104.0,197.0
0,51112.0,205.0
0,51123.0,216.0
0,51139.0,232.0
0,51140.0,233.0
0,51153.0,246.0
0,51167.0,260.0
0,51176.0,261.3333333333333
0,51190.0,275.3333333333333
0,51201.0,286.3333333333333
0,51207.0,292.3333333333333
0,51219.0,304.3333333333333
0,51235.0,320.3333333333333
0,51239.0,324.3333333333333
0,51297.0,322.0
0,51305.0,330.0
0,51307.0,332.0
0,51311.0,336.0
0,51348.0,373.0
0,51352.0,377.0
0,51374.0,399.0
0,51380.0,405.0
0,51395.0,420.0
0,51430.0,455.0
0,51438.0,463.0
0,51464.0,489.0
0,51495.0,520.0
0,51506.0,531.0
0,51558.0,583.0
0,51567.0,592.0
0,51582.0,607.0
0,51584.0,609.0
0,51592.0,617.0
0,51608.0,633.0
0,51618.0,643.0
0,51660.0,685.0
0,51683.0,708.0
0,51696.0,721.0
0,51718.0,743.0
0,51721.0,746.0
0,51726.0,751.0
0,51737.0,858.0
0,51750.0,871.0
0,51764.0,885.0
0,51772.0,893.0
0,51790.0,911.0
0,51803.0,924.0
0,51810.0,931.0
0,51814.0,935.0
0,51892.0,20.0
0,51902.0,30.0
0,51903.0,31.0
0,51933.0,46.666666666666664
0,51959.0,72.66666666666667
0,51972.0,72.5
0,52012.0,112.5
0,52041.0,141.5
0,52047.0,147.5
0,52059.0,102.5
0,52065.0,108.5
0,52089.0,132.5
0,52106.0,149.5
0,52109.0,152.5
0,52125.0,168.5
0,52135.0,178.5
0,52138.0,181.5
0,52159.0,138.66666666666666
0,52172.0,151.66666666666666
0,52183.0,162.66666666666666
0,52202.0,129.0
0,52204.0,131.0
0,52256.0,258.0
0,52257.0,259.0
0,52266.0,268.0
0,52267.0,269.0
0,52271.0,273.0
0,52275.0,277.0
0,52304.0,306.0
0,52305.0,307.0
0,52328.0,330.0
0,52339.0,341.0
0,52347.0,349.0
0,52355.0,357.0
0,52357.0,359.0
0,52378.0,380.0
0,52390.0,392.0
0,52399.0,401.0
0,52410.0,412.0
0,52430.0,432.0
0,52443.0,445.0
0,52469.0,471.0
0,52471.0,473.0
0,52500.0,502.0
0,52516.0,518.0
0,52526.0,528.0
0,52528.0,530.0
0,52554.0,556.0
0,52578.0,580.0
0,52593.0,595.0
0,52644.0,646.0
0,52663.0,665.0
0,52681.0,683.0
0,52693.0,695.0
0,52713.0,715.0
0,52725.0,727.0
0,52732.0,734.0
0,52771.0,773.0
0,52778.0,780.0
0,52782.0,784.0
