,time,mean,median,sd
0,357.0,197.1,224.0,94.8234675594602
0,584.0,338.15384615384613,337.0,147.07394589841593
0,615.0,390.5,396.0,132.3244119578848
0,726.0,355.4375,375.5,224.95054143911278
0,901.0,430.6190476190476,471.0,266.24093567230494
0,907.0,451.45,491.0,264.21458608487154
0,923.0,483.0,521.0,262.00662908447663
0,968.0,511.3157894736842,566.0,283.66382115966616
0,984.0,526.2105263157895,582.0,285.6605602435701
0,1032.0,489.4761904761905,402.0,325.2632075642914
0,1188.0,607.0454545454545,549.0,350.46092730894827
0,1201.0,610.8181818181819,562.0,363.588383198218
0,1216.0,625.5,577.0,364.12020367904984
0,1229.0,657.1428571428571,599.0,362.2855077361586
0,1264.0,634.6190476190476,616.0,371.43960301078187
0,1350.0,687.1904761904761,663.0,400.4474424877893
0,1352.0,689.1904761904761,665.0,400.4474424877893
0,1359.0,676.45,664.0,414.5559642557323
0,1419.0,673.5454545454545,656.0,442.5180763922354
0,1451.0,648.2916666666666,610.5,464.30256650581725
0,1507.0,647.5,581.0,486.40440993066665
0,1524.0,685.68,666.0,484.1378084801889
0,1557.0,736.375,716.5,486.13559601034495
0,1560.0,739.375,719.5,486.13559601034495
0,1565.0,770.3913043478261,742.0,479.95685848974193
0,1578.0,786.7142857142857,755.0,461.8913645577943
0,1632.0,763.1304347826087,774.0,506.3394036438599
0,1694.0,815.8260869565217,836.0,518.9440492731296
0,1734.0,821.0416666666666,808.0,534.7064209425787
0,1741.0,828.0416666666666,815.0,534.7064209425787
0,1788.0,843.875,838.5,559.7355262755796
0,1798.0,882.8260869565217,940.0,553.9041395776076
0,1801.0,885.8260869565217,943.0,553.9041395776076
0,1817.0,939.4090909090909,976.5,536.9065145552817
0,1857.0,973.7727272727273,1016.5,546.2170673923911
0,1859.0,975.7727272727273,1018.5,546.2170673923911
0,1879.0,1067.6,1116.0,520.9766213564674
0,1912.0,959.2608695652174,1054.0,607.6235403024463
0,1932.0,979.2608695652174,1074.0,607.6235403024463
0,1973.0,1053.090909090909,1132.5,600.9981779650878
0,2027.0,939.4615384615385,958.0,678.4034555636565
0,2035.0,884.8076923076923,911.5,687.3613437369789
0,2064.0,907.0769230769231,940.5,695.2956163264947
0,2065.0,908.0769230769231,941.5,695.2956163264947
0,2087.0,831.9655172413793,885.0,709.4921682034086
0,2101.0,866.75,925.0,713.3225890657246
0,2116.0,910.8518518518518,966.0,709.9020643828901
0,2146.0,940.8518518518518,996.0,709.9020643828901
0,2157.0,978.7692307692307,1033.5,709.7755499881259
0,2205.0,1022.6923076923077,1081.5,715.1415550693318
0,2222.0,1030.923076923077,1098.5,726.1577982291411
0,2244.0,1008.2222222222222,1094.0,746.9438143049281
0,2271.0,954.7037037037037,1069.0,735.4244838647705
0,2313.0,952.3571428571429,1032.0,754.5590109596519
0,2324.0,989.4814814814815,1122.0,755.8685154311081
0,2351.0,1016.4814814814815,1149.0,755.8685154311081
0,2358.0,1058.9615384615386,1182.0,747.8791284882888
0,2362.0,1062.9615384615386,1186.0,747.8791284882888
0,2385.0,1080.8846153846155,1209.0,754.6869614371999
0,2408.0,1100.576923076923,1232.0,759.2150386103209
0,2447.0,1097.6666666666667,1245.0,775.0659709078055
0,2456.0,992.6428571428571,1033.5,786.607917139233
0,2508.0,998.6896551724138,1023.0,806.1305235056337
0,2511.0,1001.6896551724138,1026.0,806.1305235056337
0,2513.0,1003.6896551724138,1028.0,806.1305235056337
0,2532.0,956.9642857142857,569.5,792.6817719498995
0,2602.0,1016.1428571428571,639.5,804.1219574473636
0,2607.0,1052.7407407407406,708.0,801.6263372896927
0,2608.0,1016.1428571428571,645.5,811.0621657645571
0,2645.0,1060.5185185185185,746.0,831.2909358506412
0,2657.0,1072.5185185185185,758.0,831.2909358506412
0,2664.0,1077.851851851852,765.0,833.3978065594199
0,2681.0,1086.5555555555557,782.0,843.0350958527802
0,2690.0,1087.3333333333333,791.0,852.4667040310028
0,2708.0,1093.7777777777778,809.0,865.0155354346012
0,2729.0,1151.7692307692307,1037.0,860.281854872277
0,2743.0,1165.7692307692307,1051.0,860.281854872277
0,2770.0,1108.107142857143,807.5,883.404103425482
0,2807.0,1106.0689655172414,781.0,892.2801064392312
0,2809.0,1108.0689655172414,783.0,892.2801064392312
0,2817.0,1057.0,790.0,906.9248153456025
0,2819.0,1059.0,792.0,906.9248153456025
0,2869.0,1141.7142857142858,842.5,906.0085878315335
0,2872.0,1144.7142857142858,845.5,906.0085878315335
0,2893.0,1162.5,866.5,909.9384398330001
0,2909.0,1123.5555555555557,882.0,879.8438553951167
0,2915.0,1161.1538461538462,888.5,881.44259782157
0,2934.0,1171.6923076923076,907.5,891.4550236392174
0,2954.0,1097.107142857143,912.5,922.1363138807359
0,2957.0,1100.107142857143,915.5,922.1363138807359
0,2964.0,1178.7692307692307,937.5,917.9211591623052
0,2965.0,1179.7692307692307,938.5,917.9211591623052
0,2975.0,1189.7692307692307,948.5,917.9211591623052
0,2985.0,1218.0,959.0,931.4725116717079
0,3001.0,1227.0,975.0,939.9037397521089
0,3014.0,1152.84,987.0,948.6651118281941
0,3023.0,1151.48,996.0,959.7520146371145
0,3029.0,1202.5,1002.5,953.3278991686614
0,3056.0,1218.2083333333333,1029.5,965.9224856394476
0,3074.0,1236.2083333333333,1047.5,965.9224856394476
0,3111.0,1321.695652173913,1085.0,957.6780540445143
0,3131.0,1327.8636363636363,1104.5,976.9520456945554
0,3195.0,1318.7391304347825,1168.0,1011.298786855248
0,3204.0,1387.3636363636363,1177.5,993.7031084627818
0,3206.0,1389.3636363636363,1179.5,993.7031084627818
0,3207.0,1390.3636363636363,1180.5,993.7031084627818
0,3218.0,1457.75,1255.0,1021.9541513688371
0,3231.0,1389.857142857143,1204.0,1058.3862507526792
0,3243.0,1401.047619047619,1216.0,1059.4465525605463
0,3244.0,1402.047619047619,1217.0,1059.4465525605463
0,3283.0,1382.2857142857142,1256.0,1102.9847014807958
0,3286.0,1385.2857142857142,1259.0,1102.9847014807958
0,3289.0,1444.1,1326.0,1100.9014896892454
0,3293.0,1448.1,1330.0,1100.9014896892454
0,3301.0,1518.8947368421052,1402.0,1094.0334303915965
0,3313.0,1526.1052631578948,1414.0,1100.484816353652
0,3324.0,1619.0555555555557,1773.5,1072.7288397261664
0,3370.0,1577.8947368421052,1471.0,1107.6676726934816
0,3373.0,1580.8947368421052,1474.0,1107.6676726934816
0,3379.0,1446.1052631578948,1352.0,1130.0658059430757
0,3390.0,1448.7368421052631,1363.0,1140.1395963516816
0,3396.0,1523.611111111111,1433.0,1132.257191968959
0,3408.0,1465.8823529411766,1381.0,1126.898705315399
0,3412.0,1469.8823529411766,1385.0,1126.898705315399
0,3455.0,1602.625,1492.0,1101.0703244457186
0,3505.0,1556.4117647058824,1478.0,1135.4085586940544
0,3515.0,1566.4117647058824,1488.0,1135.4085586940544
0,3554.0,1501.611111111111,1437.5,1179.9365396725034
0,3558.0,1582.5882352941176,1531.0,1169.3967302856495
0,3564.0,1588.5882352941176,1537.0,1169.3967302856495
0,3568.0,1592.5882352941176,1541.0,1169.3967302856495
0,3574.0,1613.0,1611.0,1203.9210418461835
0,3582.0,1625.4,1683.0,1243.2797378975765
0,3585.0,1628.4,1686.0,1243.2797378975765
0,3601.0,1451.8235294117646,1146.0,1281.420500175448
0,3613.0,1450.9411764705883,1158.0,1294.7906699126052
0,3626.0,1531.5,1449.0,1306.209162041057
0,3635.0,1540.5,1458.0,1306.209162041057
0,3650.0,1648.4,1751.0,1296.8582446307178
0,3676.0,1671.2,1777.0,1300.8563435931987
0,3686.0,1794.2857142857142,2135.5,1273.2929428718855
0,3698.0,1625.0714285714287,1521.0,1333.9259705463267
0,3699.0,1626.0714285714287,1522.0,1333.9259705463267
0,3706.0,1633.0714285714287,1529.0,1333.9259705463267
0,3752.0,1470.5,1271.0,1364.354059619423
0,3754.0,1472.5,1273.0,1364.354059619423
0,3765.0,1458.0,1258.0,1405.4022437247872
0,3775.0,1468.0,1268.0,1405.4022437247872
0,3776.0,1469.0,1269.0,1405.4022437247872
0,3786.0,1462.0,1279.0,1421.5426362465062
0,3791.0,1467.0,1284.0,1421.5426362465062
0,3809.0,1471.8666666666666,1302.0,1434.115842213902
0,3837.0,1486.2666666666667,1330.0,1447.097115684439
0,3879.0,1342.1764705882354,229.0,1451.1716659831286
0,3883.0,1346.1764705882354,233.0,1451.1716659831286
0,3892.0,1527.0,1385.0,1461.3414385419992
0,3893.0,1528.0,1386.0,1461.3414385419992
0,3894.0,1529.0,1387.0,1461.3414385419992
0,3907.0,1285.6666666666667,238.5,1451.9414206120332
0,3911.0,1289.6666666666667,242.5,1451.9414206120332
0,3921.0,1438.9375,824.0,1481.947893346372
0,3923.0,1440.9375,826.0,1481.947893346372
0,3924.0,1441.9375,827.0,1481.947893346372
0,3933.0,1341.0666666666666,246.0,1469.4374645496903
0,3935.0,1343.0666666666666,248.0,1469.4374645496903
0,3957.0,1362.3333333333333,270.0,1471.9152904369946
0,3982.0,1157.8333333333333,209.0,1438.326660857447
0,3995.0,1109.2631578947369,199.0,1424.1264669634566
0,4024.0,1082.0,198.0,1409.5654294852723
0,4029.0,1076.65,163.0,1415.7441603269992
0,4035.0,1186.2777777777778,209.0,1455.897959090523
0,4044.0,1195.2777777777778,218.0,1455.897959090523
0,4047.0,1198.2777777777778,221.0,1455.897959090523
0,4050.0,1201.2777777777778,224.0,1455.897959090523
0,4068.0,1155.8947368421052,212.0,1442.3565109601516
0,4075.0,1162.8947368421052,219.0,1442.3565109601516
0,4102.0,1248.3333333333333,276.0,1459.8230486375169
0,4103.0,1249.3333333333333,277.0,1459.8230486375169
0,4118.0,1189.8947368421052,262.0,1454.5859564526056
0,4126.0,1255.2222222222222,300.0,1473.4054113423229
0,4144.0,1186.3684210526317,220.0,1475.4008986151355
0,4145.0,1187.3684210526317,221.0,1475.4008986151355
0,4150.0,1298.5294117647059,205.0,1524.9113037908355
0,4165.0,1313.5294117647059,220.0,1524.9113037908355
0,4172.0,1320.5294117647059,227.0,1524.9113037908355
0,4183.0,1331.5294117647059,238.0,1524.9113037908355
0,4187.0,1332.8823529411766,242.0,1527.1831001727617
0,4189.0,1334.8823529411766,244.0,1527.1831001727617
0,4199.0,1324.9411764705883,239.0,1542.273664225426
0,4208.0,1402.9375,255.5,1564.0788610532877
0,4210.0,1404.9375,257.5,1564.0788610532877
0,4220.0,1495.3333333333333,275.0,1583.0402255014103
0,4230.0,1505.3333333333333,285.0,1583.0402255014103
0,4258.0,1353.0588235294117,298.0,1566.8224671604041
0,4280.0,1282.2777777777778,201.5,1566.4815424509497
0,4291.0,1349.8823529411766,187.0,1593.9058899945032
0,4299.0,1430.5625,214.5,1615.4004522389332
0,4304.0,1528.1333333333334,251.0,1626.7688164647802
0,4309.0,1533.1333333333334,256.0,1626.7688164647802
0,4329.0,1635.357142857143,1017.5,1654.9369693281308
0,4331.0,1637.357142857143,1019.5,1654.9369693281308
0,4332.0,1638.357142857143,1020.5,1654.9369693281308
0,4396.0,1228.1875,238.0,1517.8316861048033
0,4407.0,1239.1875,249.0,1517.8316861048033
0,4408.0,1240.1875,250.0,1517.8316861048033
0,4410.0,1242.1875,252.0,1517.8316861048033
0,4412.0,1312.0,281.0,1543.9637301439434
0,4421.0,1394.642857142857,234.5,1572.49740436501
0,4422.0,1395.642857142857,235.5,1572.49740436501
0,4425.0,1398.642857142857,238.5,1572.49740436501
0,4438.0,1495.4615384615386,181.0,1601.4373166908347
0,4447.0,1620.6666666666667,1065.0,1613.310588682649
0,4453.0,1626.6666666666667,1071.0,1613.310588682649
0,4465.0,1769.1818181818182,1958.0,1623.260961386163
0,4483.0,1514.6923076923076,226.0,1624.1840263588638
0,4487.0,1518.6923076923076,230.0,1624.1840263588638
0,4525.0,1034.0666666666666,165.0,1428.9397219228279
0,4536.0,980.25,123.5,1406.1543078552936
0,4552.0,1048.5333333333333,87.0,1437.1329730481527
0,4589.0,1080.8,124.0,1440.500570403682
0,4604.0,1086.6,135.0,1447.0079382412985
0,4611.0,1153.7142857142858,127.5,1479.5896356070891
0,4619.0,1161.7142857142858,135.5,1479.5896356070891
0,4631.0,1253.7692307692307,162.0,1505.941982427567
0,4634.0,1256.7692307692307,165.0,1505.941982427567
0,4636.0,1340.6666666666667,151.0,1539.3687739532143
0,4647.0,1603.0,1159.0,1569.7313782937513
0,4659.0,1777.111111111111,2152.0,1573.2261576804133
0,4664.0,1782.111111111111,2157.0,1573.2261576804133
0,4674.0,1792.111111111111,2167.0,1573.2261576804133
0,4700.0,2016.5,2219.0,1558.9089934951303
0,4715.0,2031.5,2234.0,1558.9089934951303
0,4734.0,1792.625,1221.5,1666.6868285238832
0,4758.0,1816.625,1245.5,1666.6868285238832
0,4787.0,1643.7777777777778,269.0,1671.86541043748
0,4788.0,1644.7777777777778,270.0,1671.86541043748
0,4830.0,1829.0,1317.5,1726.272936125687
0,4877.0,1630.2222222222222,355.0,1762.1975408107646
0,4924.0,1373.6363636363637,166.0,1719.0956011666171
0,4938.0,1270.9166666666667,153.0,1690.8025440764973
0,4956.0,1190.3076923076924,144.0,1659.9967740754282
0,4957.0,1191.3076923076924,145.0,1659.9967740754282
0,4972.0,1120.7142857142858,129.0,1629.1109507323063
0,4974.0,1122.7142857142858,131.0,1629.1109507323063
0,4992.0,1220.923076923077,180.0,1663.757261397248
0,4996.0,1307.1666666666667,153.0,1706.1155115902582
0,5013.0,1135.5714285714287,133.5,1645.7236668879445
0,5061.0,1091.5333333333333,136.0,1624.7492469779932
0,5063.0,1025.25,132.0,1595.230763087272
0,5101.0,773.75,144.5,1354.394767968335
0,5106.0,778.75,149.5,1354.394767968335
0,5107.0,779.75,150.5,1354.394767968335
0,5113.0,877.2142857142857,156.5,1424.51972751578
0,5116.0,880.2142857142857,159.5,1424.51972751578
0,5147.0,880.4285714285714,126.5,1441.0833085012177
0,5151.0,884.4285714285714,130.5,1441.0833085012177
0,5159.0,833.3333333333334,126.0,1409.668219436364
0,5165.0,892.7142857142857,144.5,1444.4244245952596
0,5171.0,957.2307692307693,163.0,1482.8731546897084
0,5180.0,1026.5,157.5,1528.0492738564858
0,5183.0,1029.5,160.5,1528.0492738564858
0,5184.0,1030.5,161.5,1528.0492738564858
0,5185.0,1031.5,162.5,1528.0492738564858
0,5218.0,1044.6666666666667,183.0,1540.6231062643308
0,5232.0,1058.6666666666667,197.0,1540.6231062643308
0,5234.0,1060.6666666666667,199.0,1540.6231062643308
0,5243.0,1140.1818181818182,181.0,1590.4796199535547
0,5266.0,1153.909090909091,204.0,1596.8598421188694
0,5268.0,1155.909090909091,206.0,1596.8598421188694
0,5308.0,1013.6923076923077,216.0,1529.7966372950655
0,5318.0,1073.5,206.0,1583.9839277383257
0,5325.0,1080.5,213.0,1583.9839277383257
0,5335.0,1164.8181818181818,203.0,1634.2637941165833
0,5341.0,1170.8181818181818,209.0,1634.2637941165833
0,5353.0,1084.5,181.0,1598.3056914537135
0,5365.0,995.0769230769231,110.0,1572.7533163477483
0,5372.0,1002.0769230769231,117.0,1572.7533163477483
0,5379.0,1009.0769230769231,124.0,1572.7533163477483
0,5387.0,1087.25,113.0,1617.30239004131
0,5401.0,924.4285714285714,93.0,1555.6812799857041
0,5406.0,999.6153846153846,106.0,1592.903808890762
0,5407.0,1000.6153846153846,107.0,1592.903808890762
0,5413.0,934.7857142857143,105.0,1556.6558101341766
0,5432.0,835.375,99.0,1489.4390250611134
0,5444.0,838.4375,90.5,1494.0128835099615
0,5458.0,851.1875,104.5,1494.7086764128153
0,5468.0,851.75,108.5,1499.6252656913994
0,5469.0,852.75,109.5,1499.6252656913994
0,5498.0,815.875,122.5,1516.8094341000783
0,5500.0,817.875,124.5,1516.8094341000783
0,5532.0,756.8888888888889,143.0,1454.0498955556623
0,5537.0,800.0,148.0,1487.442495181104
0,5541.0,719.7894736842105,152.0,1428.2398287088376
0,5552.0,798.0,163.0,1494.896455198388
0,5556.0,790.5294117647059,120.0,1500.2180279838958
0,5573.0,791.9411764705883,125.0,1507.0523419064366
0,5577.0,795.9411764705883,129.0,1507.0523419064366
0,5589.0,807.9411764705883,141.0,1507.0523419064366
0,5603.0,762.8888888888889,123.0,1482.4075721192683
0,5607.0,766.8888888888889,127.0,1482.4075721192683
0,5610.0,769.8888888888889,130.0,1482.4075721192683
0,5611.0,770.8888888888889,131.0,1482.4075721192683
0,5617.0,794.2352941176471,122.0,1525.8328691690576
0,5629.0,848.125,127.5,1563.2804001122126
0,5634.0,853.125,132.5,1563.2804001122126
0,5653.0,856.5625,130.5,1570.4796627443955
0,5657.0,860.5625,134.5,1570.4796627443955
0,5658.0,861.5625,135.5,1570.4796627443955
0,5671.0,930.6666666666666,163.0,1606.3843320395722
0,5680.0,939.6666666666666,172.0,1606.3843320395722
0,5689.0,998.3571428571429,166.5,1651.590990838957
0,5701.0,1075.4615384615386,193.0,1696.5375878483355
0,5709.0,1063.923076923077,172.0,1707.3254145024366
0,5718.0,1072.923076923077,181.0,1707.3254145024366
0,5722.0,1076.923076923077,185.0,1707.3254145024366
0,5729.0,1242.2727272727273,192.0,1811.499734820902
0,5760.0,1070.3076923076924,208.0,1732.3339696053185
0,5765.0,1075.3076923076924,213.0,1732.3339696053185
0,5766.0,1076.3076923076924,214.0,1732.3339696053185
0,5773.0,1151.5,197.5,1786.2279389820326
0,5783.0,1250.3636363636363,231.0,1840.0828179349712
0,5796.0,1236.909090909091,180.0,1855.7534835574302
0,5806.0,1365.6,222.0,1906.1060411215324
0,5859.0,1097.3846153846155,157.0,1771.6715070785788
0,5866.0,1104.3846153846155,164.0,1771.6715070785788
0,5883.0,973.3333333333334,153.0,1691.977370481716
0,5899.0,922.6875,168.5,1658.1872903395895
0,5911.0,931.25,180.5,1660.0570961566352
0,5921.0,918.375,162.5,1670.275122360086
0,5953.0,727.7142857142857,85.0,1511.3724177164322
0,5958.0,758.0,86.0,1544.3549462477854
0,5959.0,759.0,87.0,1544.3549462477854
0,5960.0,760.0,88.0,1544.3549462477854
0,5965.0,882.3529411764706,97.0,1647.281608882324
0,5966.0,883.3529411764706,98.0,1647.281608882324
0,5972.0,929.8125,100.0,1689.7645257087597
0,5975.0,932.8125,103.0,1689.7645257087597
0,5976.0,933.8125,104.0,1689.7645257087597
0,5981.0,990.8666666666667,113.0,1732.9195736931615
0,5989.0,998.8666666666667,121.0,1732.9195736931615
0,5997.0,1005.5333333333333,129.0,1733.685125839048
0,6001.0,1009.5333333333333,133.0,1733.685125839048
0,6015.0,1055.0,135.5,1792.3844852199381
0,6030.0,999.3333333333334,139.0,1751.6788772171938
0,6033.0,1050.2857142857142,122.0,1803.6233938765529
0,6037.0,984.0666666666667,106.0,1762.1625527238464
0,6118.0,858.0,137.5,1667.236002756925
0,6122.0,816.6842105263158,109.0,1634.117661570291
0,6132.0,865.6111111111111,151.5,1670.406342410562
0,6148.0,794.9,131.5,1605.895697111117
0,6155.0,801.9,138.5,1605.895697111117
0,6165.0,795.95,137.0,1612.2043752266648
0,6169.0,799.95,141.0,1612.2043752266648
0,6175.0,831.0,139.0,1650.552060755176
0,6178.0,826.1052631578947,133.0,1654.1548293451806
0,6181.0,868.5,140.5,1690.78500013061
0,6183.0,870.5,142.5,1690.78500013061
0,6186.0,873.5,145.5,1690.78500013061
0,6213.0,885.8888888888889,159.0,1697.3200735567718
0,6219.0,888.7222222222222,165.0,1698.917851835088
0,6231.0,941.2941176470588,168.0,1739.677007368149
0,6237.0,927.2352941176471,173.0,1748.4382452857335
0,6253.0,983.125,160.5,1794.7286311236583
0,6272.0,1049.7333333333333,151.0,1844.202464180354
0,6273.0,1050.7333333333333,152.0,1844.202464180354
0,6288.0,1195.6923076923076,161.0,1948.6425012385253
0,6291.0,1198.6923076923076,164.0,1948.6425012385253
0,6297.0,1298.1666666666667,201.5,2000.0136596755754
0,6301.0,1302.1666666666667,205.5,2000.0136596755754
0,6305.0,1394.0,241.0,2067.9172657971158
0,6312.0,1516.3,217.0,2134.8711928357643
0,6313.0,1517.3,218.0,2134.8711928357643
0,6332.0,1516.7,212.0,2147.863917942662
0,6335.0,1519.7,215.0,2147.863917942662
0,6345.0,1666.3333333333333,168.0,2222.436450784989
0,6351.0,1505.5,146.5,2166.9798453146723
0,6366.0,1268.8333333333333,119.5,2056.660068871103
0,6380.0,1146.3076923076924,57.0,2024.512529536066
0,6389.0,1155.3076923076924,66.0,2024.512529536066
0,6410.0,1172.4615384615386,87.0,2026.6930478143875
0,6427.0,1284.25,114.5,2081.579213201682
0,6446.0,1113.4285714285713,111.0,1982.2944755396718
0,6454.0,1121.4285714285713,119.0,1982.2944755396718
0,6458.0,1111.5714285714287,101.0,1989.4015149675297
0,6468.0,1117.7857142857142,111.0,1991.4692773560585
0,6470.0,1045.2666666666667,103.0,1944.0412707096068
0,6475.0,1034.3333333333333,105.0,1951.5572129854547
0,6481.0,830.7857142857143,82.5,1849.8550205188446
0,6501.0,840.7142857142857,70.5,1854.0004017787912
0,6529.0,761.8125,95.0,1757.1726657741265
0,6531.0,719.0,97.0,1714.1060438058564
0,6534.0,804.4666666666667,79.0,1808.8963805468666
0,6537.0,807.4666666666667,82.0,1808.8963805468666
0,6544.0,909.3846153846154,82.0,1925.5782163951744
0,6551.0,916.3846153846154,89.0,1925.5782163951744
0,6559.0,840.6428571428571,89.5,1877.5148699104075
0,6586.0,861.1428571428571,108.0,1880.2647935537036
0,6587.0,862.1428571428571,109.0,1880.2647935537036
0,6595.0,933.8461538461538,127.0,1936.6299772127488
0,6598.0,812.1333333333333,110.0,1830.7268089174006
0,6599.0,813.1333333333333,111.0,1830.7268089174006
0,6609.0,1008.9166666666666,131.0,2004.027297648967
0,6620.0,1019.9166666666666,142.0,2004.027297648967
0,6622.0,1021.9166666666666,144.0,2004.027297648967
0,6625.0,946.2307692307693,137.0,1944.6054436211336
0,6635.0,1000.1666666666666,119.5,2019.54206167856
0,6644.0,1086.7272727272727,121.0,2092.161478684798
0,6647.0,1089.7272727272727,124.0,2092.161478684798
0,6660.0,908.7692307692307,63.0,1975.3836298823328
0,6670.0,975.6666666666666,60.0,2045.7843782330096
0,6693.0,801.2666666666667,64.0,1871.9157910784581
0,6707.0,815.2666666666667,78.0,1871.9157910784581
0,6709.0,817.2666666666667,80.0,1871.9157910784581
0,6738.0,944.7692307692307,89.0,1992.560399773508
0,6753.0,892.2142857142857,101.5,1935.4668753327205
0,6772.0,903.1428571428571,120.5,1938.9903800373922
0,6774.0,905.1428571428571,122.5,1938.9903800373922
0,6781.0,851.7333333333333,127.0,1886.830268525026
0,6811.0,827.5,155.5,1838.9505838928897
0,6820.0,836.5,164.5,1838.9505838928897
0,6825.0,880.0666666666667,168.0,1892.984503076792
0,6827.0,882.0666666666667,170.0,1892.984503076792
0,6835.0,942.6428571428571,179.5,1948.8157798718562
0,6840.0,947.6428571428571,184.5,1948.8157798718562
0,6841.0,948.6428571428571,185.5,1948.8157798718562
0,6851.0,1012.8461538461538,194.0,2012.1868259396806
0,6852.0,1013.8461538461538,195.0,2012.1868259396806
0,6854.0,1095.75,198.5,2074.440572178437
0,6860.0,1278.4,196.0,2230.8522676322614
0,6863.0,1281.4,199.0,2230.8522676322614
0,6874.0,1281.9,210.0,2236.6464830187183
0,6891.0,930.5714285714286,175.5,1977.9908895603319
0,6898.0,937.5714285714286,182.5,1977.9908895603319
0,6901.0,940.5714285714286,185.5,1977.9908895603319
0,6905.0,1015.3846153846154,213.0,2035.4857873570486
0,6908.0,1018.3846153846154,216.0,2035.4857873570486
0,6962.0,853.625,138.5,1888.3735685438407
0,6965.0,908.5333333333333,190.0,1939.2198041709685
0,6969.0,855.5625,145.5,1890.561489635751
0,6979.0,547.9285714285714,106.0,1455.387403716948
0,6986.0,588.8461538461538,112.0,1504.98560413017
0,6988.0,590.8461538461538,114.0,1504.98560413017
0,7019.0,553.3571428571429,69.0,1466.4157277984623
0,7032.0,566.3571428571429,82.0,1466.4157277984623
0,7035.0,610.5384615384615,86.0,1513.9504419988132
0,7036.0,611.5384615384615,87.0,1513.9504419988132
0,7038.0,613.5384615384615,89.0,1513.9504419988132
0,7042.0,589.1538461538462,91.0,1521.7457002835135
0,7072.0,549.7142857142857,113.0,1481.1493330987175
0,7084.0,485.125,99.5,1399.7730117326166
0,7087.0,459.47058823529414,86.0,1362.8077469024386
0,7094.0,440.72222222222223,92.0,1328.6592157992939
0,7105.0,451.72222222222223,103.0,1328.6592157992939
0,7108.0,454.72222222222223,106.0,1328.6592157992939
0,7126.0,448.05263157894734,123.0,1297.4503934816569
0,7130.0,452.05263157894734,127.0,1297.4503934816569
0,7131.0,453.05263157894734,128.0,1297.4503934816569
0,7149.0,507.11764705882354,109.0,1367.125962712974
0,7152.0,481.8888888888889,106.0,1333.6959460623737
0,7157.0,503.29411764705884,105.0,1370.5956955111283
0,7162.0,508.29411764705884,110.0,1370.5956955111283
0,7175.0,515.9411764705883,123.0,1372.411037322027
0,7179.0,543.75,120.5,1411.2387953496743
0,7187.0,568.2666666666667,122.0,1456.023052320563
0,7188.0,569.2666666666667,123.0,1456.023052320563
0,7192.0,529.875,115.0,1419.0925302371936
0,7210.0,535.0,127.0,1423.0557350293768
0,7212.0,537.0,129.0,1423.0557350293768
0,7221.0,478.3888888888889,114.5,1354.6968557532177
0,7229.0,460.8421052631579,107.0,1323.012243375655
0,7241.0,463.0,91.0,1325.7798499473115
0,7246.0,455.7894736842105,79.0,1328.4471179359584
0,7272.0,514.7647058823529,105.0,1400.1364021539753
0,7279.0,521.7647058823529,112.0,1400.1364021539753
0,7284.0,521.1764705882352,117.0,1402.032819759103
0,7289.0,554.6875,130.5,1440.3933802415747
0,7291.0,556.6875,132.5,1440.3933802415747
0,7321.0,612.5333333333333,154.0,1484.0352137181771
0,7329.0,652.0714285714286,150.5,1531.2583744044223
0,7332.0,655.0714285714286,153.5,1531.2583744044223
0,7336.0,576.8125,136.5,1448.8008497870749
0,7341.0,581.8125,141.5,1448.8008497870749
0,7342.0,582.8125,142.5,1448.8008497870749
0,7354.0,235.28571428571428,154.5,210.10828112170725
0,7356.0,237.28571428571428,156.5,210.10828112170725
0,7365.0,250.0,156.0,217.5963093578424
0,7368.0,235.14285714285714,155.5,219.34345447359073
0,7372.0,218.07142857142858,155.0,226.72275841580938
0,7397.0,263.5,184.5,237.65258256539101
0,7409.0,275.5,196.5,237.65258256539101
0,7410.0,276.5,197.5,237.65258256539101
0,7418.0,265.5833333333333,196.0,250.105130672861
0,7426.0,279.3636363636364,198.0,260.4577343926624
0,7429.0,259.0833333333333,195.5,261.04931154009114
0,7432.0,262.0833333333333,198.5,261.04931154009114
0,7445.0,211.0,95.0,264.19987022815025
0,7447.0,213.0,97.0,264.19987022815025
0,7463.0,151.1875,70.0,208.59177199436704
0,7479.0,151.35294117647058,53.0,208.90440852962914
0,7491.0,132.0,48.0,203.26803668270648
0,7501.0,145.22222222222223,57.5,208.3652123757588
0,7502.0,137.72222222222223,58.5,206.54076959809373
0,7520.0,149.16666666666666,71.0,209.17250987854234
0,7532.0,156.5,76.0,211.67486860749435
0,7539.0,168.11764705882354,81.0,216.92879893234178
0,7544.0,163.77777777777777,86.0,214.30522251000258
0,7549.0,160.0,91.0,211.88775578742528
0,7559.0,181.23529411764707,101.0,220.8088152044033
0,7561.0,183.23529411764707,103.0,220.8088152044033
0,7562.0,184.23529411764707,104.0,220.8088152044033
0,7565.0,204.4,107.0,229.37358173948454
0,7568.0,207.71428571428572,110.0,237.42109322931708
0,7569.0,208.71428571428572,111.0,237.42109322931708
0,7577.0,225.25,119.0,253.53143296246324
0,7610.0,248.25,152.0,260.73585771811287
0,7635.0,279.09090909090907,177.0,271.5770289340174
0,7637.0,281.09090909090907,179.0,271.5770289340174
0,7640.0,260.5833333333333,173.0,271.45271483057394
0,7642.0,242.53846153846155,166.0,269.8887563949309
0,7652.0,205.28571428571428,152.0,268.1083012972366
0,7660.0,213.0,150.0,278.2270793655925
0,7692.0,192.7058823529412,90.0,260.9784225261189
0,7722.0,176.78947368421052,78.0,259.4416228724111
0,7731.0,185.78947368421052,87.0,259.4416228724111
0,7743.0,188.15,98.5,256.33947706118147
0,7752.0,194.7,107.5,257.8872040253258
0,7755.0,197.7,110.5,257.8872040253258
0,7761.0,156.66666666666666,108.5,150.86601855804227
0,7765.0,160.66666666666666,112.5,150.86601855804227
0,7769.0,161.125,116.5,156.7425735880332
0,7785.0,173.06666666666666,124.0,161.06705297966917
0,7801.0,159.8125,124.0,164.34195247638382
0,7805.0,170.6,138.0,167.54613295050012
0,7809.0,163.875,132.0,167.45927676602452
0,7812.0,166.4,125.0,172.94076057039496
0,7838.0,150.875,137.0,173.05124782849734
0,7846.0,166.4,151.0,176.1737021616261
0,7852.0,164.86666666666667,157.0,180.86343528259718
0,7863.0,164.2,156.0,186.04845247049667
0,7872.0,173.2,165.0,186.04845247049667
0,7873.0,174.2,166.0,186.04845247049667
0,7880.0,178.92857142857142,131.5,192.37740596684063
0,7882.0,180.92857142857142,133.5,192.37740596684063
0,7888.0,166.78571428571428,90.0,195.6845780372911
0,7891.0,169.78571428571428,93.0,195.6845780372911
0,7892.0,170.78571428571428,94.0,195.6845780372911
0,7896.0,166.83333333333334,82.5,209.8685435113027
0,7903.0,173.83333333333334,89.5,209.8685435113027
0,7908.0,178.83333333333334,94.5,209.8685435113027
0,7914.0,164.0,91.0,214.42675517139492
0,7920.0,157.15384615384616,95.0,210.765946072103
0,7931.0,137.6875,90.0,200.29188661488513
0,7935.0,133.58823529411765,84.0,196.99389623972957
0,7945.0,136.16666666666666,88.5,193.87374184705308
0,7974.0,148.44444444444446,101.0,191.90629143245414
0,7977.0,151.44444444444446,104.0,191.90629143245414
0,7983.0,163.2941176470588,121.0,195.9041676600434
0,7984.0,164.2941176470588,122.0,195.9041676600434
0,7997.0,179.25,124.0,201.77230359987468
0,8004.0,178.06666666666666,120.0,205.80264548564213
0,8011.0,185.06666666666666,127.0,205.80264548564213
0,8030.0,191.2,119.0,211.0580330935862
0,8032.0,193.2,121.0,211.0580330935862
0,8052.0,174.05555555555554,132.5,209.55467921343802
0,8057.0,166.72222222222223,130.5,212.9344723293362
0,8069.0,178.72222222222223,142.5,212.9344723293362
0,8070.0,179.72222222222223,143.5,212.9344723293362
0,8083.0,182.94444444444446,154.5,218.2362308809786
0,8084.0,183.94444444444446,155.5,218.2362308809786
0,8085.0,184.94444444444446,156.5,218.2362308809786
0,8086.0,185.94444444444446,157.5,218.2362308809786
0,8089.0,184.25,155.5,229.61938615892169
0,8101.0,188.33333333333334,156.0,236.6318284217536
0,8111.0,182.57142857142858,87.0,249.8781743986784
0,8113.0,184.57142857142858,89.0,249.8781743986784
0,8115.0,186.57142857142858,91.0,249.8781743986784
0,8134.0,201.07692307692307,100.0,262.5937082667857
0,8136.0,203.07692307692307,102.0,262.5937082667857
0,8138.0,205.07692307692307,104.0,262.5937082667857
0,8141.0,208.07692307692307,107.0,262.5937082667857
0,8147.0,214.07692307692307,113.0,262.5937082667857
0,8150.0,217.07692307692307,116.0,262.5937082667857
0,8152.0,219.07692307692307,118.0,262.5937082667857
0,8153.0,230.08333333333334,129.0,270.9244846611116
0,8155.0,232.0,121.0,282.9712481379111
0,8179.0,181.91666666666666,97.0,285.66660589264234
0,8204.0,146.75,63.5,263.7921767225101
0,8226.0,168.75,85.5,263.7921767225101
0,8227.0,169.75,86.5,263.7921767225101
0,8232.0,164.76470588235293,69.0,259.01408760500783
0,8239.0,167.94117647058823,76.0,260.94589716198783
0,8255.0,183.94117647058823,92.0,260.94589716198783
0,8258.0,186.94117647058823,95.0,260.94589716198783
0,8263.0,178.64705882352942,95.0,264.4525846917988
0,8266.0,181.64705882352942,98.0,264.4525846917988
0,8272.0,166.58823529411765,92.0,264.0635081418482
0,8273.0,167.58823529411765,93.0,264.0635081418482
0,8293.0,176.61111111111111,109.5,260.4856871497483
0,8315.0,172.23809523809524,123.0,249.67729739499168
0,8322.0,125.89473684210526,119.0,80.51210744964622
0,8325.0,128.89473684210526,122.0,80.51210744964622
0,8329.0,132.58823529411765,126.0,81.07589677618303
0,8339.0,142.58823529411765,136.0,81.07589677618303
0,8351.0,146.11111111111111,148.0,86.19608710433883
0,8353.0,148.11111111111111,150.0,86.19608710433883
0,8358.0,153.0,155.0,88.69378915850939
0,8367.0,151.4375,152.0,80.3842092313534
0,8372.0,154.53333333333333,145.0,82.67032249980777
0,8374.0,156.53333333333333,147.0,82.67032249980777
0,8380.0,143.46666666666667,147.0,95.89429365481325
0,8385.0,138.0,128.0,90.60510865445565
0,8389.0,142.0,132.0,90.60510865445565
0,8396.0,138.3846153846154,115.0,85.2241735853954
0,8416.0,124.85714285714286,126.0,78.28597497349713
0,8422.0,137.07692307692307,140.0,77.83657587778832
0,8433.0,129.13333333333333,135.0,87.08912420937276
0,8435.0,131.13333333333333,137.0,87.08912420937276
0,8440.0,120.46666666666667,130.0,88.65804469358034
0,8444.0,113.28571428571429,114.5,80.91038126172913
0,8448.0,125.53846153846153,138.0,78.08044705954079
0,8460.0,129.58333333333334,130.5,76.03886981157875
0,8466.0,125.23076923076923,117.0,81.38337937115799
0,8473.0,117.6923076923077,96.0,86.14958780684874
0,8480.0,124.6923076923077,103.0,86.14958780684874
0,8486.0,116.08333333333333,97.5,72.56543981507696
0,8527.0,121.5,114.5,88.16461875378354
0,8530.0,124.5,117.5,88.16461875378354
0,8532.0,119.17647058823529,108.0,90.40967887677778
0,8541.0,124.17647058823529,117.0,94.06020305797747
0,8542.0,125.17647058823529,118.0,94.06020305797747
0,8546.0,129.1764705882353,122.0,94.06020305797749
0,8549.0,132.1764705882353,125.0,94.06020305797749
0,8553.0,136.1764705882353,129.0,94.06020305797749
0,8556.0,139.1764705882353,132.0,94.06020305797749
0,8558.0,141.1764705882353,134.0,94.06020305797749
0,8561.0,138.94117647058823,137.0,99.21009826935924
0,8563.0,140.94117647058823,139.0,99.21009826935924
0,8570.0,136.9375,143.0,102.17354644794317
0,8588.0,145.93333333333334,158.0,99.18767844624429
0,8591.0,148.93333333333334,161.0,99.18767844624429
0,8604.0,161.93333333333334,174.0,99.18767844624429
0,8619.0,152.2,115.0,89.78136406478426
0,8622.0,155.2,118.0,89.78136406478426
0,8639.0,167.5,127.5,91.13236056888432
0,8640.0,168.5,128.5,91.13236056888432
0,8651.0,172.23076923076923,132.0,90.57691491099098
0,8652.0,173.23076923076923,133.0,90.57691491099098
0,8654.0,175.23076923076923,135.0,90.57691491099098
0,8656.0,177.23076923076923,137.0,90.57691491099098
0,8662.0,162.25,140.0,81.37067960881241
0,8666.0,142.85714285714286,138.5,94.65188636174524
0,8677.0,136.14285714285714,145.5,97.60039310727122
0,8698.0,128.0,139.0,98.24187837509352
0,8708.0,114.4,143.0,83.77175339377031
0,8709.0,108.25,97.0,85.70844474146057
0,8713.0,102.875,52.5,88.77772454281535
0,8721.0,110.5625,60.5,89.1333051880721
0,8723.0,112.5625,62.5,89.1333051880721
0,8742.0,131.5625,81.5,89.1333051880721
0,8744.0,133.5625,83.5,89.1333051880721
0,8748.0,125.71428571428571,84.5,89.19515407354864
0,8749.0,126.71428571428571,85.5,89.19515407354864
0,8750.0,127.71428571428571,86.5,89.19515407354864
0,8753.0,124.42857142857143,84.5,94.70308056968238
0,8767.0,131.66666666666666,93.5,94.69629817943724
0,8771.0,135.66666666666666,97.5,94.69629817943724
0,8773.0,131.27272727272728,91.0,96.39510635361954
0,8781.0,127.0,92.0,92.54404356845447
0,8782.0,128.0,93.0,92.54404356845447
0,8792.0,138.0,103.0,92.54404356845447
0,8808.0,120.0,105.0,102.2139535860555
0,8818.0,120.6923076923077,110.0,107.87127985590733
0,8824.0,117.71428571428571,113.0,108.87110896535839
0,8831.0,112.71428571428571,99.0,112.20544204489279
0,8834.0,115.71428571428571,102.0,112.20544204489279
0,8839.0,81.25,67.0,57.83039137570026
0,8841.0,76.92307692307692,47.0,59.728181131705114
0,8848.0,78.83333333333333,49.0,59.39673578760218
0,8851.0,75.61538461538461,47.0,60.99626528483711
0,8856.0,80.61538461538461,52.0,60.99626528483711
0,8861.0,85.61538461538461,57.0,60.99626528483711
0,8872.0,86.08333333333333,61.5,65.49358535171382
0,8881.0,88.0,64.0,63.85352556650829
0,8889.0,88.25,69.0,66.31883216703986
0,8891.0,90.25,71.0,66.31883216703986
0,8896.0,95.25,76.0,66.31883216703986
0,8912.0,102.92307692307692,89.0,69.94224159807372
0,8916.0,106.92307692307692,93.0,69.94224159807372
0,8924.0,114.92307692307692,101.0,69.94224159807372
0,8940.0,130.92307692307693,117.0,69.94224159807372
0,8946.0,138.41666666666666,126.0,72.59873544965428
0,8947.0,139.41666666666666,127.0,72.59873544965428
0,8954.0,147.8181818181818,137.0,75.67132059327747
0,8960.0,141.5,131.5,83.17501628093218
0,8964.0,145.5,135.5,83.17501628093218
0,8965.0,146.5,136.5,83.17501628093218
0,8972.0,129.91666666666666,127.0,81.22649232581422
0,8978.0,135.91666666666666,133.0,81.22649232581422
0,8986.0,132.92307692307693,136.0,86.8362398102238
0,8987.0,133.92307692307693,137.0,86.8362398102238
0,8988.0,134.92307692307693,138.0,86.8362398102238
0,8994.0,112.36363636363636,108.0,92.47532617089395
0,8995.0,113.36363636363636,109.0,92.47532617089395
0,8997.0,115.36363636363636,111.0,92.47532617089395
0,9001.0,107.55555555555556,115.0,61.193883338326316
0,9014.0,89.1,82.5,64.15831980343624
0,9019.0,74.1,59.5,58.31200562491398
0,9020.0,75.1,60.5,58.31200562491398
0,9054.0,78.71428571428571,48.0,65.8986544100957
0,9061.0,85.71428571428571,55.0,65.8986544100957
0,9066.0,90.71428571428571,60.0,65.8986544100957
0,9074.0,92.53333333333333,65.0,67.73464565657831
0,9078.0,98.5,68.0,69.69704851303656
0,9096.0,110.66666666666667,76.5,69.7045351625145
0,9098.0,112.66666666666667,78.5,69.7045351625145
0,9102.0,116.66666666666667,82.5,69.7045351625145
0,9105.0,119.66666666666667,85.5,69.7045351625145
0,9107.0,112.91666666666667,81.5,71.78144877953417
0,9111.0,120.0909090909091,89.0,74.1625420588325
0,9112.0,121.0909090909091,90.0,74.1625420588325
0,9115.0,114.0,87.5,78.49734602732333
0,9119.0,116.54545454545455,86.0,81.8328269721139
0,9129.0,95.41666666666667,86.0,78.56150280017702
0,9135.0,101.41666666666667,92.0,78.56150280017702
0,9138.0,104.41666666666667,95.0,78.56150280017702
0,9139.0,97.38461538461539,89.0,80.44447531973502
0,9140.0,99.08333333333333,92.5,83.69135591896905
0,9144.0,103.08333333333333,96.5,83.69135591896905
0,9154.0,87.91666666666667,90.5,66.04349366558039
0,9156.0,89.91666666666667,92.5,66.04349366558039
0,9159.0,85.92307692307692,91.0,67.9201584876985
0,9162.0,82.78571428571429,72.0,69.08915417408
0,9170.0,85.0,58.0,70.16931903142094
0,9190.0,105.0,78.0,70.16931903142094
0,9191.0,106.0,79.0,70.16931903142094
0,9209.0,113.2,87.0,73.71223326784593
0,9212.0,110.57142857142857,88.5,73.11899722440155
0,9220.0,118.57142857142857,96.5,73.11899722440155
0,9234.0,110.35714285714286,102.5,56.67653475501775
0,9240.0,108.66666666666667,102.0,61.855386902749935
0,9244.0,112.66666666666667,106.0,61.855386902749935
0,9245.0,113.66666666666667,107.0,61.855386902749935
0,9246.0,114.66666666666667,108.0,61.855386902749935
0,9252.0,115.5,107.0,60.819111188131366
0,9259.0,121.38461538461539,107.0,62.97684368271155
0,9271.0,116.6,114.0,72.6028465924948
0,9285.0,113.13333333333334,126.0,70.12262275629901
0,9289.0,110.0625,126.5,73.21071365415037
0,9301.0,118.0,135.0,77.78174593052023
0,9311.0,123.16666666666667,130.5,79.05992804336607
0,9313.0,125.16666666666667,132.5,79.05992804336607
0,9320.0,95.81818181818181,81.0,59.913298238246945
0,9326.0,93.75,77.0,63.297083924406294
0,9332.0,102.18181818181819,93.0,65.57274680815912
0,9347.0,117.18181818181819,108.0,65.57274680815912
0,9349.0,119.18181818181819,110.0,65.57274680815912
0,9353.0,114.0,99.5,61.663603527526675
0,9356.0,117.0,102.5,61.663603527526675
0,9370.0,140.11111111111111,131.0,58.26461560929383
0,9376.0,146.11111111111111,137.0,58.26461560929383
0,9378.0,148.11111111111111,139.0,58.26461560929383
0,9380.0,150.11111111111111,141.0,58.26461560929383
0,9386.0,147.0,132.5,55.42562584220407
0,9388.0,149.0,134.5,55.42562584220407
0,9396.0,103.5,111.5,76.53789910887285
0,9397.0,104.5,112.5,76.53789910887285
0,9403.0,89.9,102.5,75.2348988169719
0,9405.0,83.72727272727273,89.0,76.24731400227803
0,9413.0,69.36363636363636,25.0,62.20972260649342
0,9415.0,71.36363636363636,27.0,62.20972260649342
0,9425.0,81.36363636363636,37.0,62.20972260649342
0,9431.0,87.36363636363636,43.0,62.20972260649342
0,9433.0,89.36363636363636,45.0,62.20972260649342
0,9437.0,89.72727272727273,49.0,66.09509802906017
0,9441.0,86.16666666666667,52.0,68.0683888126901
0,9444.0,89.16666666666667,55.0,68.0683888126901
0,9447.0,81.63636363636364,57.0,61.02350177263708
0,9478.0,80.23076923076923,75.0,63.73883473404921
0,9479.0,81.23076923076923,76.0,63.73883473404921
0,9497.0,93.35714285714286,89.5,64.96879156603592
0,9512.0,108.35714285714286,104.5,64.96879156603592
0,9513.0,109.35714285714286,105.5,64.96879156603592
0,9520.0,116.35714285714286,112.5,64.96879156603592
0,9521.0,117.35714285714286,113.5,64.96879156603592
0,9532.0,119.23076923076923,120.0,58.134001498069225
0,9544.0,114.33333333333333,110.0,69.17481879669477
0,9548.0,118.33333333333333,114.0,69.17481879669477
0,9549.0,119.33333333333333,115.0,69.17481879669477
0,9552.0,114.75,116.0,73.13472157600657
0,9556.0,108.4375,101.0,76.99429260503665
0,9560.0,112.4375,105.0,76.99429260503665
0,9569.0,104.05882352941177,97.0,82.14010311530164
0,9581.0,103.61111111111111,103.0,85.03080414956092
0,9585.0,102.05263157894737,105.0,86.05718642379644
0,9586.0,103.05263157894737,106.0,86.05718642379644
0,9592.0,114.33333333333333,114.0,85.36653000119219
0,9593.0,115.33333333333333,115.0,85.36653000119219
0,9594.0,116.33333333333333,116.0,85.36653000119219
0,9596.0,118.33333333333333,118.0,85.36653000119219
0,9601.0,128.6875,125.0,87.70883560822136
0,9609.0,118.625,100.0,83.30581837422882
0,9610.0,119.625,101.0,83.30581837422882
0,9612.0,121.625,103.0,83.30581837422882
0,9617.0,113.5625,77.5,84.9506980180269
0,9620.0,116.5625,80.5,84.9506980180269
0,9621.0,117.5625,81.5,84.9506980180269
0,9626.0,123.35714285714286,83.0,90.12420567738499
0,9634.0,123.13333333333334,89.0,92.3456309500106
0,9647.0,133.35714285714286,99.0,94.98015367347399
0,9648.0,134.35714285714286,100.0,94.98015367347399
0,9651.0,120.375,99.0,99.56083253468705
0,9657.0,104.4,89.0,81.9762567251437
0,9665.0,112.46153846153847,97.0,82.12524711084743
0,9670.0,117.46153846153847,102.0,82.12524711084743
0,9674.0,100.61538461538461,91.0,75.1086786561144
0,9680.0,106.61538461538461,97.0,75.1086786561144
0,9681.0,107.61538461538461,98.0,75.1086786561144
0,9683.0,109.61538461538461,100.0,75.1086786561144
0,9684.0,110.61538461538461,101.0,75.1086786561144
0,9687.0,121.36363636363636,119.0,77.96651114102856
0,9692.0,116.08333333333333,105.5,82.0654802919934
0,9699.0,123.08333333333333,112.5,82.0654802919934
0,9714.0,113.16666666666667,105.5,73.45387819728937
0,9724.0,106.42857142857143,105.0,79.41186874743084
0,9731.0,113.42857142857143,112.0,79.41186874743084
0,9734.0,108.73333333333333,108.0,81.94426289998722
0,9739.0,105.33333333333333,89.0,86.48596546389606
0,9747.0,119.5,109.0,86.27675568441694
0,9748.0,120.5,110.0,86.27675568441694
0,9752.0,124.5,114.0,86.27675568441694
0,9756.0,121.84615384615384,106.0,86.00254571710354
0,9758.0,123.84615384615384,108.0,86.00254571710354
0,9767.0,127.33333333333333,106.0,87.27956360009038
0,9768.0,128.33333333333334,107.0,87.27956360009038
0,9779.0,129.46153846153845,107.0,90.56032021604791
0,9796.0,119.0,107.0,75.04972710451077
0,9805.0,117.66666666666667,105.0,68.65655265320436
0,9815.0,127.66666666666667,115.0,68.65655265320436
0,9821.0,133.66666666666666,121.0,68.65655265320436
0,9833.0,126.0,117.0,83.20410492832116
0,9837.0,116.5,112.5,71.62809039289917
0,9853.0,114.25,117.5,73.10964938592808
0,9857.0,106.0909090909091,119.0,63.69309159834662
0,9864.0,96.23076923076923,96.0,70.68582041046558
0,9878.0,88.42857142857143,68.0,71.24877370946142
0,9881.0,91.42857142857143,71.0,71.24877370946142
0,9893.0,78.8125,56.0,70.6958438930465
0,9895.0,80.8125,58.0,70.6958438930465
0,9901.0,86.6,56.0,73.96197221094995
0,9906.0,79.85714285714286,54.0,61.584851039448175
0,9913.0,84.14285714285714,61.0,64.40702839071564
0,9918.0,81.26666666666667,59.0,67.8817272090869
0,9920.0,83.26666666666667,61.0,67.8817272090869
0,9921.0,84.26666666666667,62.0,67.8817272090869
0,9929.0,86.0,67.0,71.1392999684422
0,9949.0,111.71428571428571,88.5,70.23168655185755
0,9950.0,112.71428571428571,89.5,70.23168655185755
0,9951.0,113.71428571428571,90.5,70.23168655185755
0,9957.0,111.61538461538461,95.0,75.7684107726031
0,9958.0,120.0,97.5,74.23161949825244
0,9963.0,113.9090909090909,101.0,67.34369720856593
0,9975.0,125.9090909090909,113.0,67.34369720856593
0,9978.0,128.9090909090909,116.0,67.34369720856593
0,9980.0,130.9090909090909,118.0,67.34369720856593
0,9995.0,120.7,99.0,70.65274233885052
0,10005.0,119.54545454545455,105.0,76.04109371835926
0,10009.0,123.54545454545455,109.0,76.04109371835926
0,10011.0,125.54545454545455,111.0,76.04109371835926
0,10032.0,124.0,120.0,74.6263419248921
0,10034.0,126.0,122.0,74.6263419248921
0,10071.0,103.23076923076923,85.0,67.69746483851614
0,10077.0,101.57142857142857,85.5,70.83957155403456
0,10079.0,103.57142857142857,87.5,70.83957155403456
0,10082.0,100.76923076923077,85.0,70.23493963521382
0,10085.0,103.76923076923077,88.0,70.23493963521382
0,10087.0,98.35714285714286,80.5,72.76538339353517
0,10097.0,101.46666666666667,81.0,74.87666896674529
0,10103.0,108.92857142857143,84.0,77.29762913173828
0,10104.0,102.66666666666667,63.0,79.46627516682085
0,10105.0,103.66666666666667,64.0,79.46627516682085
0,10123.0,108.82352941176471,82.0,82.53144519737178
0,10124.0,109.82352941176471,83.0,82.53144519737178
0,10149.0,131.2,108.0,73.64437068325951
0,10156.0,121.06666666666666,109.0,72.26660516602549
0,10164.0,120.28571428571429,111.0,66.62520819740031
0,10176.0,134.69230769230768,129.0,68.55136716965171
0,10179.0,128.0,126.0,74.73190177465808
0,10185.0,134.0,132.0,74.73190177465808
0,10189.0,128.93333333333334,130.0,79.77089416294365
0,10190.0,129.93333333333334,131.0,79.77089416294365
0,10191.0,130.93333333333334,132.0,79.77089416294365
0,10197.0,127.0,125.0,71.49358945621162
0,10200.0,130.0,128.0,71.49358945621162
0,10201.0,131.0,129.0,71.49358945621162
0,10205.0,131.0,116.5,77.597680377702
0,10210.0,126.22222222222223,118.0,75.72578861740823
0,10216.0,119.4,118.5,81.4901221007798
0,10218.0,121.4,120.5,81.4901221007798
0,10227.0,95.0,121.0,65.2805909559308
0,10242.0,100.5,100.5,68.17367527132448
0,10243.0,101.5,101.5,68.17367527132448
0,10244.0,102.5,102.5,68.17367527132448
0,10276.0,106.1,94.0,74.5914874499765
0,10280.0,110.1,98.0,74.5914874499765
0,10284.0,80.75,59.0,79.53419076095513
0,10312.0,98.23076923076923,85.0,83.3944785537654
0,10323.0,95.33333333333333,73.0,70.8758695811832
0,10332.0,109.27272727272727,105.0,72.0228384347517
0,10336.0,89.57142857142857,58.5,78.33145170702898
0,10356.0,103.26666666666667,74.0,79.26703111774923
0,10359.0,106.26666666666667,77.0,79.26703111774923
0,10360.0,107.26666666666667,78.0,79.26703111774923
0,10364.0,100.57142857142857,82.0,70.82545374340488
0,10368.0,104.57142857142857,86.0,70.82545374340488
0,10371.0,107.57142857142857,89.0,70.82545374340488
0,10380.0,110.6923076923077,98.0,70.12997232105171
0,10388.0,118.6923076923077,106.0,70.12997232105171
0,10399.0,95.16666666666667,78.0,81.56132661991221
0,10413.0,107.88235294117646,81.0,83.74884185533986
0,10426.0,107.0,93.0,88.54139680041433
0,10429.0,110.0,96.0,88.54139680041433
0,10438.0,113.57894736842105,103.0,92.2469887053651
0,10439.0,114.57894736842105,104.0,92.2469887053651
0,10453.0,105.875,89.5,69.55472216176268
0,10461.0,105.6,69.0,63.75557491963612
0,10467.0,114.42857142857143,103.5,65.07766161146486
0,10477.0,130.76923076923077,142.0,63.22992700169006
0,10486.0,135.41666666666666,122.5,63.91329847709491
0,10492.0,134.36363636363637,100.0,62.12344415797942
0,10497.0,136.9,104.0,64.64124070591467
0,10501.0,140.9,108.0,64.64124070591467
0,10503.0,132.1,109.0,77.20420972978093
0,10539.0,136.1818181818182,118.0,88.83060302090632
0,10546.0,143.1818181818182,125.0,88.83060302090632
0,10547.0,144.1818181818182,126.0,88.83060302090632
0,10552.0,114.83333333333333,130.0,91.51305310658633
0,10557.0,110.6923076923077,134.0,93.45124982938728
0,10564.0,96.3,95.0,74.31426511780897
0,10568.0,80.72727272727273,53.0,62.74927150477657
0,10574.0,68.6,42.0,64.28872373908196
0,10585.0,58.5,36.5,54.22407214512757
0,10597.0,70.5,48.5,54.22407214512757
0,10600.0,73.5,51.5,54.22407214512757
0,10606.0,79.5,57.5,54.22407214512757
0,10612.0,68.8,59.0,58.88938783855712
0,10633.0,74.0,67.0,61.599881936132434
0,10643.0,84.0,77.0,61.599881936132434
0,10649.0,89.7,81.5,64.59883899885509
0,10653.0,93.7,85.5,64.59883899885509
0,10654.0,86.18181818181819,85.0,67.22529040042511
0,10667.0,77.33333333333333,58.0,39.53901027255657
0,10673.0,80.75,63.0,41.215136782497765
0,10686.0,83.88888888888889,75.0,47.83175245806781
0,10704.0,85.18181818181819,89.0,56.00782117756279
0,10732.0,98.38461538461539,115.0,62.122135856018424
0,10742.0,108.38461538461539,125.0,62.122135856018424
0,10744.0,110.38461538461539,127.0,62.122135856018424
0,10757.0,97.15384615384616,76.0,69.58652185350722
0,10759.0,99.15384615384616,78.0,69.58652185350722
0,10762.0,94.33333333333333,78.0,66.71373338542989
0,10770.0,93.3076923076923,83.0,71.02154019449053
0,10784.0,101.61538461538461,97.0,75.56203611454066
0,10785.0,102.61538461538461,98.0,75.56203611454066
0,10793.0,105.0,93.0,75.9967104551243
0,10798.0,102.81818181818181,85.0,75.37641080460865
0,10801.0,105.81818181818181,88.0,75.37641080460865
0,10806.0,112.88888888888889,93.0,79.56890018432586
0,10823.0,129.125,108.0,84.36444378409662
0,10824.0,130.125,109.0,84.36444378409662
0,10830.0,121.33333333333333,113.0,89.87151322242711
0,10836.0,103.0,68.0,89.78121555574232
0,10856.0,108.9,87.5,94.59011576269477
0,10857.0,100.0,88.0,95.46727187890099
0,10858.0,101.0,89.0,95.46727187890099
0,10872.0,124.9,103.5,94.59011576269477
0,10875.0,116.36363636363636,106.0,97.28708475180112
0,10882.0,90.54545454545455,107.0,66.14359535594939
0,10905.0,97.0,78.0,68.18157575714478
0,10910.0,102.0,83.0,68.18157575714478
0,10914.0,97.33333333333333,75.0,71.32710253161527
0,10924.0,87.26666666666667,71.0,75.3768016184172
0,10925.0,88.26666666666667,72.0,75.3768016184172
0,10931.0,94.26666666666667,78.0,75.3768016184172
0,10938.0,90.14285714285714,74.5,65.04927488654509
0,10944.0,84.75,68.0,67.9057250900099
0,10945.0,80.76470588235294,67.0,68.83016559257815
0,10948.0,83.76470588235294,70.0,68.83016559257815
0,10953.0,83.85714285714286,77.0,62.01365879829233
0,10962.0,92.85714285714286,86.0,62.01365879829233
0,10981.0,111.85714285714286,105.0,62.01365879829233
0,10988.0,118.85714285714286,112.0,62.01365879829233
0,10994.0,124.85714285714286,118.0,62.01365879829233
0,11009.0,123.5,113.0,72.37316491628648
0,11028.0,126.5625,112.0,72.81909841346568
0,11032.0,130.5625,116.0,72.81909841346568
0,11040.0,129.73333333333332,122.0,66.3992637174707
0,11059.0,148.73333333333332,141.0,66.3992637174707
0,11060.0,149.73333333333332,142.0,66.3992637174707
0,11064.0,153.73333333333332,146.0,66.3992637174707
0,11071.0,152.1,155.0,55.57958258209574
0,11076.0,144.0,148.0,58.797959148256155
0,11083.0,137.45454545454547,145.0,70.55283466551037
0,11102.0,143.27272727272728,164.0,81.0500304627736
0,11121.0,129.85714285714286,118.5,94.96680408201078
0,11126.0,142.07692307692307,126.0,94.7770351431851
0,11135.0,140.57142857142858,132.5,98.87272792095206
0,11144.0,139.8,139.0,102.27818275011865
0,11147.0,132.0,133.0,97.25445270746512
0,11149.0,134.0,135.0,97.25445270746512
0,11152.0,137.0,138.0,97.25445270746512
0,11155.0,127.38461538461539,132.0,89.20722501054968
0,11156.0,128.3846153846154,133.0,89.20722501054968
0,11157.0,129.3846153846154,134.0,89.20722501054968
0,11161.0,108.66666666666667,90.0,71.84628653513617
0,11164.0,101.1,71.0,69.04990948582048
0,11166.0,87.0,61.0,52.01495511442412
0,11174.0,88.0,67.0,51.01715397785337
0,11178.0,82.11111111111111,69.0,55.64060157124361
0,11185.0,81.33333333333333,69.0,61.51241970348571
0,11187.0,75.2,63.5,63.25156124555346
0,11188.0,76.2,64.5,63.25156124555346
0,11191.0,79.2,67.5,63.25156124555346
0,11231.0,84.4375,54.0,67.54810207363343
0,11233.0,86.4375,56.0,67.54810207363343
0,11242.0,97.6,67.0,69.225043637882
0,11260.0,99.13333333333334,75.0,63.22432724478416
0,11264.0,103.13333333333334,79.0,63.22432724478416
0,11266.0,105.13333333333334,81.0,63.22432724478416
0,11269.0,108.13333333333334,84.0,63.22432724478416
0,11280.0,102.46153846153847,86.0,45.865380583776634
0,11315.0,116.5,115.0,59.547999846462396
0,11316.0,117.5,116.0,59.547999846462396
0,11321.0,122.5,121.0,59.547999846462396
0,11332.0,125.13333333333334,132.0,65.49490226133804
0,11338.0,126.42857142857143,138.0,65.29899833591223
0,11340.0,128.42857142857142,140.0,65.29899833591224
0,11342.0,114.3125,140.0,74.49221330951309
0,11343.0,113.73333333333333,143.0,76.67547775455257
0,11344.0,112.64285714285714,129.5,78.95261430834604
0,11349.0,114.5,134.5,75.17479630833728
0,11350.0,115.5,135.5,75.17479630833728
0,11356.0,117.81818181818181,127.0,77.47470928317445
0,11361.0,122.81818181818181,132.0,77.47470928317445
0,11363.0,109.1,122.5,62.328885759333126
0,11367.0,103.0909090909091,115.0,67.33154676734112
0,11385.0,117.72727272727273,133.0,71.86994682200861
0,11393.0,106.6923076923077,100.0,79.77216076511964
0,11394.0,107.6923076923077,101.0,79.77216076511964
0,11401.0,121.16666666666667,128.5,79.6804381402501
0,11402.0,119.63636363636364,109.0,82.76063263442097
0,11410.0,117.58333333333333,101.5,85.9665228769639
0,11425.0,126.5,108.5,88.75499985916287
0,11430.0,111.6,71.0,93.14204206479477
0,11434.0,115.6,75.0,93.14204206479477
0,11437.0,118.6,78.0,93.14204206479477
0,11442.0,123.6,83.0,93.14204206479477
0,11446.0,127.6,87.0,93.14204206479477
0,11450.0,131.6,91.0,93.14204206479477
0,11454.0,135.6,95.0,93.14204206479477
0,11456.0,109.0909090909091,78.0,83.57626299097842
0,11479.0,106.9,88.0,78.23739515091232
0,11485.0,92.11111111111111,93.0,49.79389619989011
0,11490.0,97.11111111111111,98.0,49.79389619989011
0,11498.0,113.25,107.0,46.83147979724749
0,11501.0,103.66666666666667,109.0,56.71174677456358
0,11525.0,108.0,122.0,66.148593058631
0,11560.0,131.75,144.5,73.50637727435627
0,11576.0,100.86666666666666,78.0,79.27073160308846
0,11582.0,100.5625,82.5,80.54344227651312
0,11590.0,108.5625,90.5,80.54344227651312
0,11599.0,110.94117647058823,98.0,82.5052373298278
0,11604.0,109.66666666666667,98.5,84.25094790103088
0,11606.0,105.84210526315789,96.0,85.64631258101987
0,11608.0,107.84210526315789,98.0,85.64631258101987
0,11609.0,114.44444444444444,103.5,84.53679161053174
0,11614.0,119.44444444444444,108.5,84.53679161053174
0,11637.0,115.25,77.5,83.84203897806876
0,11641.0,113.76190476190476,74.0,85.42326256265369
0,11643.0,117.95,83.5,86.95658399454294
0,11676.0,149.55,116.5,88.61911475522648
0,11678.0,144.38095238095238,111.0,92.23493615063664
0,11679.0,145.38095238095238,112.0,92.23493615063664
0,11683.0,154.15,123.5,91.95122348288793
0,11690.0,155.55555555555554,129.5,90.6159307935434
0,11692.0,157.55555555555554,131.5,90.6159307935434
0,11698.0,151.88235294117646,129.0,92.4292303860515
0,11701.0,146.33333333333334,129.5,96.49352309870336
0,11706.0,145.41176470588235,132.0,96.06006627199426
0,11709.0,148.41176470588235,135.0,96.06006627199426
0,11712.0,151.41176470588235,138.0,96.06006627199426
0,11715.0,146.125,140.0,92.93470490080657
0,11723.0,142.33333333333334,147.0,83.59399234128944
0,11731.0,150.33333333333334,155.0,83.59399234128944
0,11733.0,152.33333333333334,157.0,83.59399234128944
0,11739.0,146.4,145.0,84.14416200783035
0,11748.0,135.5,148.5,70.65484514778264
0,11760.0,147.5,160.5,70.65484514778264
0,11762.0,149.5,162.5,70.65484514778264
0,11764.0,151.5,164.5,70.65484514778264
0,11768.0,137.14285714285714,147.0,74.89788967354835
0,11774.0,136.41666666666666,133.5,78.69504255175305
0,11779.0,141.41666666666666,138.5,78.69504255175305
0,11794.0,152.45454545454547,150.0,81.04024099888292
0,11799.0,157.45454545454547,155.0,81.04024099888292
0,11820.0,164.5,159.5,90.34517142603693
0,11821.0,165.5,160.5,90.34517142603693
0,11829.0,166.0909090909091,152.0,90.80494033962384
0,11834.0,145.15384615384616,139.0,103.33131638929974
0,11837.0,144.41666666666666,139.5,106.70321639430036
0,11840.0,147.41666666666666,142.5,106.70321639430036
0,11867.0,161.84615384615384,167.0,111.38211854405063
0,11875.0,157.08333333333334,153.0,106.40602922558267
0,11883.0,148.41666666666666,127.5,114.07852436906003
0,11888.0,131.9090909090909,121.0,92.98431397084187
0,11893.0,116.38461538461539,84.0,98.14866154621575
0,11894.0,117.38461538461539,85.0,98.14866154621575
0,11895.0,118.38461538461539,86.0,98.14866154621575
0,11901.0,101.0,69.5,100.46392387319938
0,11907.0,68.35714285714286,40.5,75.06531169860126
0,11922.0,70.78571428571429,39.5,72.86796138165502
0,11949.0,72.6,58.0,46.41379105395292
0,11950.0,73.6,59.0,46.41379105395292
0,11954.0,78.64285714285714,60.5,47.87275864631328
0,11956.0,70.75,55.5,51.8694274115302
0,11962.0,69.07142857142857,59.5,51.01745399610703
0,11964.0,71.07142857142857,61.5,51.01745399610703
0,11973.0,60.8125,60.5,50.14630937317322
0,11974.0,61.8125,61.5,50.14630937317322
0,11979.0,63.1764705882353,59.0,50.77659870234069
0,11983.0,67.17647058823529,63.0,50.77659870234069
0,11985.0,68.3125,59.0,52.217955185453214
0,11995.0,74.6,63.0,56.25157775565055
0,12009.0,85.26666666666667,77.0,59.52978712842467
0,12010.0,86.26666666666667,78.0,59.52978712842467
0,12012.0,88.26666666666667,80.0,59.52978712842467
0,12020.0,93.28571428571429,87.0,64.52178875767314
0,12025.0,101.3076923076923,93.0,65.9957861304966
0,12026.0,102.3076923076923,94.0,65.9957861304966
0,12031.0,89.61538461538461,65.0,74.47512590589037
0,12049.0,100.64285714285714,80.5,76.04191244951426
0,12051.0,102.64285714285714,82.5,76.04191244951426
0,12056.0,113.61538461538461,90.0,75.68206622396744
0,12072.0,120.42857142857143,103.5,80.09879104287786
0,12076.0,124.42857142857143,107.5,80.09879104287786
0,12082.0,137.15384615384616,116.0,79.22203088481633
0,12088.0,147.16666666666666,139.0,81.17761733110646
0,12099.0,130.58333333333334,130.5,73.27511893921125
0,12101.0,132.58333333333334,132.5,73.27511893921125
0,12102.0,133.58333333333334,133.5,73.27511893921125
0,12108.0,118.0909090909091,104.0,80.82355028697846
0,12132.0,107.33333333333333,106.0,90.18622708349406
0,12134.0,109.33333333333333,108.0,90.18622708349406
0,12138.0,89.0,67.0,70.19314014258745
0,12154.0,98.35714285714286,69.5,71.75514629912034
0,12155.0,99.35714285714286,70.5,71.75514629912034
0,12162.0,99.66666666666667,64.0,73.70361064576295
0,12168.0,105.66666666666667,70.0,73.70361064576295
0,12175.0,105.78571428571429,74.5,71.48444243472899
0,12191.0,100.82352941176471,81.0,79.11364520821607
0,12193.0,102.82352941176471,83.0,79.11364520821607
0,12194.0,99.8125,82.5,79.8539438208909
0,12195.0,94.94117647058823,82.0,80.95130750550734
0,12197.0,96.94117647058823,84.0,80.95130750550734
0,12200.0,89.63157894736842,72.0,82.2603124402654
0,12213.0,75.82352941176471,71.0,61.513494735725075
0,12214.0,72.61111111111111,65.0,62.25229927827645
0,12230.0,84.47058823529412,74.0,61.60129644076812
0,12242.0,91.66666666666667,70.5,63.0572931723383
0,12253.0,94.84210526315789,66.0,67.41486885647919
0,12256.0,97.84210526315789,69.0,67.41486885647919
0,12261.0,102.27777777777777,89.5,71.62464314865966
0,12263.0,104.27777777777777,91.5,71.62464314865966
0,12264.0,105.27777777777777,92.5,71.62464314865966
0,12270.0,100.5625,82.0,64.3651388078205
0,12288.0,105.88235294117646,94.0,70.2096711562975
0,12289.0,106.88235294117646,95.0,70.2096711562975
0,12295.0,113.3125,99.0,72.34873767903625
0,12301.0,119.3125,105.0,72.34873767903625
0,12303.0,117.73333333333333,105.0,73.33709081282737
0,12317.0,119.35714285714286,111.5,58.8637738983071
0,12347.0,150.53846153846155,149.0,60.925699244262816
0,12349.0,141.78571428571428,134.0,70.3554024440286
0,12357.0,141.76923076923077,125.0,66.56535694760548
0,12371.0,134.83333333333334,127.5,73.92883214431446
0,12376.0,120.28571428571429,124.5,83.53137013073811
0,12378.0,122.28571428571429,126.5,83.53137013073811
0,12379.0,123.28571428571429,127.5,83.53137013073811
0,12381.0,125.28571428571429,129.5,83.53137013073811
0,12382.0,117.93333333333334,123.0,86.5389828664259
0,12392.0,116.92857142857143,127.5,78.78675041411674
0,12393.0,117.92857142857143,128.5,78.78675041411674
0,12398.0,119.61538461538461,128.0,80.81559109054149
0,12401.0,122.61538461538461,131.0,80.81559109054149
0,12427.0,115.0,80.0,92.00668872006409
0,12432.0,120.0,85.0,92.00668872006409
0,12441.0,116.23076923076923,69.0,96.82351418642212
0,12444.0,103.53333333333333,70.0,98.62309848892174
0,12445.0,104.53333333333333,71.0,98.62309848892174
0,12449.0,73.71428571428571,56.5,68.12848006464233
0,12452.0,67.4375,41.5,68.29162535589558
0,12470.0,85.4375,59.5,68.29162535589558
0,12471.0,86.4375,60.5,68.29162535589558
0,12472.0,87.4375,61.5,68.29162535589558
0,12475.0,90.4375,64.5,68.29162535589558
0,12483.0,79.17647058823529,66.0,62.32008013107214
0,12504.0,100.17647058823529,87.0,62.32008013107214
0,12509.0,105.17647058823529,92.0,62.32008013107214
0,12510.0,106.17647058823529,93.0,62.32008013107214
0,12533.0,122.66666666666667,106.0,66.24533526554487
0,12536.0,125.66666666666667,109.0,66.24533526554487
0,12538.0,119.41176470588235,101.0,58.480825237125586
0,12541.0,122.41176470588235,104.0,58.480825237125586
0,12543.0,124.41176470588235,106.0,58.480825237125586
0,12545.0,119.5,105.5,63.57781758513647
0,12572.0,139.52631578947367,130.0,68.59136697332032
0,12577.0,144.52631578947367,135.0,68.59136697332032
0,12587.0,140.52380952380952,144.0,78.22776212087311
0,12589.0,136.0909090909091,144.0,81.9173136827114
0,12592.0,139.0909090909091,147.0,81.9173136827114
0,12597.0,132.6,149.0,72.83501904990484
0,12601.0,136.6,153.0,72.83501904990484
0,12603.0,125.85,153.5,73.48419898182193
0,12609.0,114.61904761904762,133.0,76.73546159214551
0,12611.0,116.61904761904762,135.0,76.73546159214551
0,12638.0,136.71428571428572,158.0,81.16657936270431
0,12642.0,134.45454545454547,141.5,84.32929355844335
0,12644.0,130.0952380952381,123.0,80.9961226361248
0,12647.0,122.23809523809524,104.0,82.54517075771
0,12674.0,137.61904761904762,116.0,87.50917023537274
0,12676.0,139.61904761904762,118.0,87.50917023537274
0,12677.0,140.61904761904762,119.0,87.50917023537274
0,12678.0,141.61904761904762,120.0,87.50917023537274
0,12683.0,125.0,103.5,80.84367631423004
0,12687.0,129.0,107.5,80.84367631423004
0,12692.0,128.26315789473685,111.0,78.8762135482676
0,12693.0,129.26315789473685,112.0,78.8762135482676
0,12695.0,131.26315789473685,114.0,78.8762135482676
0,12711.0,140.55555555555554,126.5,75.57940799966778
0,12713.0,142.55555555555554,128.5,75.57940799966778
0,12715.0,144.55555555555554,130.5,75.57940799966778
0,12716.0,145.55555555555554,131.5,75.57940799966778
0,12729.0,134.7058823529412,127.0,71.3959668541927
0,12740.0,137.66666666666666,136.5,76.89531122824647
0,12747.0,142.05882352941177,142.0,78.34724409600791
0,12763.0,149.66666666666666,157.5,83.63345954554048
0,12764.0,150.66666666666666,158.5,83.63345954554048
0,12788.0,148.0,167.0,84.59501042894719
0,12798.0,158.0,177.0,84.59501042894719
0,12808.0,160.0,178.0,89.52373986826065
0,12809.0,161.0,179.0,89.52373986826065
0,12816.0,162.47368421052633,177.0,88.46192664290079
0,12827.0,155.47058823529412,163.0,74.95105669471232
0,12828.0,156.47058823529412,164.0,74.95105669471232
0,12831.0,159.47058823529412,167.0,74.95105669471232
0,12838.0,162.125,170.0,75.15140966741741
0,12843.0,167.125,175.0,75.15140966741741
0,12861.0,173.5625,184.5,85.89817281962405
0,12870.0,181.53333333333333,189.0,88.61968680202435
0,12872.0,183.53333333333333,191.0,88.61968680202435
0,12873.0,184.53333333333333,192.0,88.61968680202435
0,12878.0,174.84615384615384,151.0,86.14910701251206
0,12880.0,176.84615384615384,153.0,86.14910701251206
0,12899.0,160.92857142857142,151.5,96.32049498991395
0,12901.0,162.92857142857142,153.5,96.32049498991395
0,12907.0,167.35714285714286,159.5,98.83507701711773
0,12915.0,173.5,167.5,101.76846971715469
0,12916.0,174.5,168.5,101.76846971715469
0,12934.0,152.57142857142858,155.5,112.10627246738073
0,12938.0,146.4,152.0,114.79709636281457
0,12939.0,155.57142857142858,160.5,114.53428325534816
0,12941.0,157.57142857142858,162.5,114.53428325534816
0,12945.0,161.57142857142858,166.5,114.53428325534816
0,12955.0,171.57142857142858,176.5,114.53428325534816
0,12961.0,177.57142857142858,182.5,114.53428325534816
0,12967.0,156.92857142857142,174.0,109.235959729199
0,12982.0,148.21428571428572,157.5,105.49690487770486
0,12989.0,162.84615384615384,189.0,105.6895644028711
0,12994.0,152.15384615384616,145.0,113.42421811252599
0,13004.0,156.25,123.5,116.12071664149052
0,13010.0,150.15384615384616,98.0,119.1746269806469
0,13013.0,153.15384615384616,101.0,119.1746269806469
0,13018.0,137.0,98.0,97.82041368412492
0,13025.0,142.58333333333334,105.0,99.7107970861509
0,13030.0,147.58333333333334,110.0,99.7107970861509
0,13033.0,139.07692307692307,105.0,103.76042045053116
0,13041.0,139.25,110.0,104.24500387708436
0,13044.0,142.25,113.0,104.24500387708436
0,13054.0,148.0,123.0,94.48597779564966
0,13056.0,136.54545454545453,122.0,99.63055722961855
0,13065.0,144.8,117.5,104.46415653227666
0,13069.0,148.8,121.5,104.46415653227666
0,13073.0,152.8,125.5,104.46415653227666
0,13074.0,135.55555555555554,113.0,93.7906784175522
0,13078.0,138.25,112.0,99.40290488713094
0,13101.0,104.33333333333333,69.0,108.92811084992401
0,13106.0,84.9,63.0,75.32655574231441
0,13107.0,69.45454545454545,53.0,60.466916027562526
0,13110.0,64.8,42.5,58.11505828956898
0,13116.0,65.2,35.0,61.30383348535391
0,13126.0,75.2,45.0,61.30383348535391
0,13127.0,76.2,46.0,61.30383348535391
0,13145.0,71.45454545454545,45.0,60.406748022150396
0,13146.0,72.45454545454545,46.0,60.406748022150396
0,13147.0,73.45454545454545,47.0,60.406748022150396
0,13152.0,72.25,50.5,61.38692178849389
0,13155.0,81.0,55.0,60.94408763926012
0,13168.0,73.33333333333333,60.0,69.84069173642413
0,13177.0,82.33333333333333,69.0,69.84069173642413
0,13181.0,79.84615384615384,71.0,70.7637957779217
0,13193.0,79.85714285714286,54.5,74.93888666569498
0,13201.0,77.25,48.0,75.50869155269478
0,13210.0,79.9375,50.0,77.4560107012361
0,13220.0,88.33333333333333,58.0,79.73846137355687
0,13221.0,83.8125,58.0,80.11259166791447
0,13229.0,84.8,65.0,77.84017814299587
0,13232.0,87.8,68.0,77.84017814299587
0,13234.0,89.8,70.0,77.84017814299587
0,13247.0,102.8,83.0,77.84017814299587
0,13248.0,103.8,84.0,77.84017814299587
0,13251.0,106.8,87.0,77.84017814299587
0,13260.0,112.85714285714286,88.5,79.76201847895233
0,13272.0,124.85714285714286,100.5,79.76201847895233
0,13275.0,127.85714285714286,103.5,79.76201847895233
0,13288.0,128.76923076923077,109.0,69.32327153511555
0,13301.0,145.25,129.5,71.05411669987883
0,13307.0,131.0909090909091,128.0,25.119548872087453
0,13315.0,122.9090909090909,127.0,41.609558660250485
0,13324.0,131.9090909090909,136.0,41.609558660250485
0,13325.0,132.9090909090909,137.0,41.609558660250485
0,13335.0,141.6,145.5,43.423956521717365
0,13357.0,164.0,169.0,45.755388268001354
0,13360.0,167.0,172.0,45.755388268001354
0,13362.0,152.3,172.5,66.28883767271833
0,13374.0,122.6,164.5,84.88368512264297
0,13389.0,115.2,125.5,88.34908035740949
0,13395.0,101.0,61.5,90.18203812289896
0,13401.0,115.0,94.0,91.6321147002755
0,13412.0,126.0,105.0,91.6321147002755
0,13418.0,132.0,111.0,91.6321147002755
0,13420.0,134.0,113.0,91.6321147002755
0,13421.0,121.6,87.5,95.77494453143787
0,13424.0,106.66666666666667,64.0,97.80024994287534
0,13426.0,108.66666666666667,66.0,97.80024994287534
0,13427.0,109.66666666666667,67.0,97.80024994287534
0,13434.0,78.57142857142857,46.0,73.46302693553142
0,13438.0,88.83333333333333,64.0,77.60029352750901
0,13447.0,75.375,43.0,77.65136428292809
0,13453.0,72.77777777777777,33.0,77.14312495870945
0,13457.0,76.77777777777777,37.0,77.14312495870945
0,13463.0,74.55555555555556,42.0,81.36216853756913
0,13467.0,78.55555555555556,46.0,81.36216853756913
0,13472.0,83.55555555555556,51.0,81.36216853756913
0,13477.0,80.0,47.5,81.3424858238301
0,13478.0,81.0,48.5,81.3424858238301
0,13483.0,90.77777777777777,62.0,84.40086594839833
0,13500.0,97.7,70.5,85.58744066742504
0,13501.0,98.7,71.5,85.58744066742504
0,13508.0,91.45454545454545,70.0,90.22332256065667
0,13511.0,94.45454545454545,73.0,90.22332256065667
0,13526.0,107.36363636363636,88.0,92.21543227905632
0,13535.0,116.36363636363636,97.0,92.21543227905632
0,13538.0,119.36363636363636,100.0,92.21543227905632
0,13542.0,112.2,92.0,89.34853104556336
0,13543.0,87.55555555555556,81.0,47.893657921856445
0,13555.0,99.55555555555556,93.0,47.893657921856445
0,13556.0,100.55555555555556,94.0,47.893657921856445
0,13565.0,93.4,97.0,61.71904082209963
0,13575.0,103.4,107.0,61.71904082209963
0,13589.0,99.0,115.0,74.08226385702463
0,13609.0,99.3076923076923,93.0,81.34388976663745
0,13617.0,94.83333333333333,77.0,71.73078527072987
0,13622.0,99.83333333333333,82.0,71.73078527072987
0,13628.0,105.83333333333333,88.0,71.73078527072987
0,13654.0,115.0,78.5,78.1728853247723
0,13659.0,99.93333333333334,71.0,82.92122098045162
0,13663.0,103.93333333333334,75.0,82.92122098045162
0,13669.0,97.5,74.5,85.33024082938006
0,13670.0,98.5,75.5,85.33024082938006
0,13673.0,101.5,78.5,85.33024082938006
0,13675.0,103.5,80.5,85.33024082938006
0,13680.0,108.5,85.5,85.33024082938006
0,13688.0,98.92857142857143,84.5,81.26189080964816
0,13694.0,98.06666666666666,87.0,82.59819745141066
0,13710.0,102.05882352941177,72.0,84.2799750050462
0,13714.0,100.27777777777777,74.0,85.30325352369859
0,13734.0,101.88235294117646,78.0,76.38592598497
0,13737.0,94.10526315789474,79.0,78.79012410518018
0,13740.0,96.83333333333333,78.5,80.94047881691282
0,13743.0,94.26315789473684,78.0,82.21399682680696
0,13746.0,97.26315789473684,81.0,82.21399682680696
0,13760.0,100.63157894736842,76.0,83.52069426909199
0,13765.0,102.72222222222223,77.0,84.86708926024372
0,13770.0,93.47058823529412,78.0,63.00897942269239
0,13780.0,90.77777777777777,82.0,67.5899035487431
0,13793.0,98.47368421052632,91.0,69.52952301459517
0,13801.0,108.72222222222223,103.0,70.75922048716066
0,13804.0,112.29411764705883,110.0,72.77019809031583
0,13806.0,114.29411764705883,112.0,72.77019809031583
0,13808.0,116.29411764705883,114.0,72.77019809031583
0,13818.0,109.11764705882354,106.0,63.08713148629877
0,13819.0,110.11764705882354,107.0,63.08713148629877
0,13827.0,108.33333333333333,107.0,58.16604584195912
0,13858.0,139.33333333333334,138.0,58.16604584195912
0,13863.0,140.0,132.0,57.82115282736686
0,13865.0,142.0,134.0,57.82115282736686
0,13873.0,127.84615384615384,121.0,57.37708756563715
0,13893.0,126.28571428571429,130.5,72.67779044859438
0,13898.0,131.28571428571428,135.5,72.67779044859438
0,13899.0,132.28571428571428,136.5,72.67779044859438
0,13912.0,139.69230769230768,142.0,72.45941528818271
0,13916.0,133.57142857142858,142.5,78.78425720709355
0,13931.0,130.0,147.5,79.55501241279521
0,13932.0,131.0,148.5,79.55501241279521
0,13941.0,128.33333333333334,142.0,78.59742715608161
0,13946.0,133.33333333333334,147.0,78.59742715608161
0,13949.0,126.07692307692308,141.0,83.45469663555517
0,13952.0,129.07692307692307,144.0,83.45469663555518
0,13953.0,116.16666666666667,116.0,70.91994704516415
0,13959.0,116.08333333333333,122.0,77.29214959417862
0,13964.0,121.08333333333333,127.0,77.29214959417862
0,13972.0,103.38461538461539,86.0,81.18122031938408
0,13980.0,111.38461538461539,94.0,81.18122031938408
0,13982.0,113.38461538461539,96.0,81.18122031938408
0,13996.0,122.33333333333333,96.0,82.50993206207897
0,13999.0,125.33333333333333,99.0,82.50993206207897
0,14001.0,127.33333333333333,101.0,82.50993206207897
0,14016.0,110.0,91.0,73.68730000358394
0,14022.0,116.0,97.0,73.68730000358394
0,14023.0,117.0,98.0,73.68730000358394
0,14034.0,109.3076923076923,88.0,80.72306372872302
0,14037.0,112.3076923076923,91.0,80.72306372872302
0,14049.0,119.41666666666667,99.0,82.14769050652339
0,14054.0,106.92857142857143,94.5,87.28889987172667
0,14060.0,119.15384615384616,106.0,87.53798837238621
0,14070.0,120.64285714285714,110.5,89.762072123123
0,14076.0,114.38461538461539,111.0,81.07597430476834
0,14079.0,101.86666666666666,112.0,85.21804712357327
0,14085.0,91.78571428571429,101.0,62.465051453282456
0,14100.0,92.06666666666666,73.0,67.89547522151645
0,14101.0,93.06666666666666,74.0,67.89547522151645
0,14104.0,81.73333333333333,53.0,63.17116078999622
0,14110.0,76.53333333333333,57.0,64.7290420822747
0,14117.0,75.78571428571429,60.5,59.90609147589557
0,14120.0,78.78571428571429,63.5,59.90609147589557
0,14122.0,80.78571428571429,65.5,59.90609147589557
0,14127.0,79.0,58.0,63.20149184496021
0,14134.0,86.0,65.0,63.20149184496021
0,14146.0,87.6923076923077,68.0,53.04915661677836
0,14153.0,84.85714285714286,75.0,59.84606102667212
0,14166.0,90.57142857142857,84.0,63.41779187681177
0,14168.0,92.57142857142857,86.0,63.41779187681177
0,14170.0,94.57142857142857,88.0,63.41779187681177
0,14174.0,97.5,80.5,68.34166615859854
0,14183.0,99.63636363636364,82.0,67.30429234896569
0,14189.0,105.63636363636364,88.0,67.30429234896569
0,14199.0,96.75,83.5,76.38076219398006
0,14203.0,100.75,87.5,76.38076219398006
0,14221.0,89.61538461538461,71.0,67.58076474348015
0,14224.0,86.07142857142857,73.0,69.2649821706614
0,14230.0,97.46153846153847,80.0,68.99232441657816
0,14237.0,109.75,101.0,69.23164618390446
0,14239.0,111.75,103.0,69.23164618390446
0,14240.0,106.0,90.0,68.42514157822401
0,14244.0,110.0,94.0,68.42514157822401
0,14246.0,102.83333333333333,95.0,72.2228418776836
0,14252.0,100.92307692307692,100.0,74.60404354731362
0,14262.0,103.35714285714286,109.5,76.89195308339873
0,14274.0,100.61538461538461,121.0,57.66019619158498
0,14279.0,105.61538461538461,126.0,57.66019619158498
0,14287.0,91.92857142857143,81.5,61.17359874711859
0,14295.0,99.92857142857143,89.5,61.17359874711859
0,14307.0,105.26666666666667,88.0,64.14095588796772
0,14320.0,107.06666666666666,97.0,68.63960631847735
0,14329.0,109.0625,95.5,71.78306620471155
0,14336.0,116.0,92.0,74.13681047001324
0,14344.0,119.21428571428571,99.0,74.4668464787505
0,14350.0,125.21428571428571,105.0,74.4668464787505
0,14359.0,128.6153846153846,113.0,74.3841778684134
0,14380.0,140.42857142857142,128.5,78.96175772912777
0,14389.0,140.3846153846154,132.0,74.628864761708
0,14394.0,145.3846153846154,137.0,74.628864761708
0,14401.0,152.3846153846154,144.0,74.628864761708
0,14403.0,145.3846153846154,146.0,84.7253830474928
0,14404.0,146.3846153846154,147.0,84.7253830474928
0,14409.0,140.92857142857142,141.0,89.92732326377647
0,14410.0,141.92857142857142,142.0,89.92732326377647
0,14416.0,134.57142857142858,129.0,95.92833209203204
0,14423.0,111.26666666666667,105.0,89.47362119020829
0,14427.0,96.23529411764706,68.0,94.42178799643071
0,14429.0,98.23529411764706,70.0,94.42178799643071
0,14442.0,109.0,62.0,96.89040200143666
0,14449.0,122.13333333333334,90.0,97.01399669921632
0,14453.0,118.5,73.0,98.47588537301911
0,14455.0,120.5,75.0,98.47588537301911
0,14464.0,107.07142857142857,61.5,79.92627342541043
0,14466.0,109.07142857142857,63.5,79.92627342541043
0,14470.0,113.07142857142857,67.5,79.92627342541043
0,14472.0,115.07142857142857,69.5,79.92627342541043
0,14477.0,115.66666666666667,74.5,77.91056125812183
0,14478.0,116.66666666666667,75.5,77.91056125812183
0,14487.0,112.54545454545455,83.0,82.729969985999
0,14495.0,104.72727272727273,85.0,86.95044660776192
0,14508.0,121.0,101.0,90.54612084457291
0,14528.0,91.22222222222223,104.0,47.01011186206592
0,14533.0,96.22222222222223,109.0,47.01011186206592
0,14545.0,98.6,108.5,53.12475882298197
0,14547.0,100.6,110.5,53.12475882298197
0,14551.0,81.07692307692308,69.0,63.370050604441424
0,14552.0,82.07692307692308,70.0,63.370050604441424
0,14553.0,83.07692307692308,71.0,63.370050604441424
0,14564.0,94.07692307692308,82.0,63.370050604441424
0,14565.0,88.35714285714286,78.0,65.69584368551043
0,14572.0,100.76923076923077,90.0,65.09892335887903
0,14614.0,95.44444444444444,73.5,72.31814143247124
0,14615.0,96.44444444444444,74.5,72.31814143247124
0,14625.0,108.29411764705883,92.0,75.04646772726282
0,14642.0,129.1875,120.5,75.67217020642397
0,14651.0,138.1875,129.5,75.67217020642397
0,14669.0,156.1875,147.5,75.67217020642397
0,14678.0,157.93333333333334,145.0,72.56763894617367
0,14679.0,158.93333333333334,146.0,72.56763894617367
0,14682.0,161.93333333333334,149.0,72.56763894617367
0,14689.0,142.58823529411765,141.0,92.63848699841984
0,14690.0,143.58823529411765,142.0,92.63848699841984
0,14692.0,136.2941176470588,142.0,98.56306712299511
0,14693.0,137.2941176470588,143.0,98.56306712299511
0,14695.0,139.2941176470588,145.0,98.56306712299511
0,14701.0,109.9375,93.0,95.48459872539655
0,14716.0,104.88235294117646,93.0,96.55713477944863
0,14730.0,118.125,77.5,99.47981893328918
0,14738.0,110.625,55.0,97.33375249624356
0,14748.0,117.5,65.0,100.24594754901567
0,14750.0,119.5,67.0,100.24594754901567
0,14751.0,120.5,68.0,100.24594754901567
0,14761.0,130.5,78.0,100.24594754901567
0,14767.0,113.9375,82.0,85.6099211175317
0,14773.0,114.875,85.5,89.7049852293617
0,14778.0,112.94117647058823,87.0,91.33936113600512
0,14783.0,117.94117647058823,92.0,91.33936113600512
0,14797.0,109.88888888888889,94.5,87.65582245279856
0,14811.0,112.61111111111111,99.0,89.40739398263116
0,14820.0,121.61111111111111,108.0,89.40739398263116
0,14829.0,130.61111111111111,117.0,89.40739398263116
0,14844.0,125.80952380952381,114.0,95.94721715988237
0,14846.0,127.80952380952381,116.0,95.94721715988237
0,14862.0,139.05,124.0,95.8668216850856
0,14868.0,143.6315789473684,122.0,98.15251854897522
0,14872.0,147.6315789473684,126.0,98.15251854897522
0,14873.0,146.77777777777777,119.0,100.51785665329737
0,14877.0,148.2941176470588,115.0,102.89387148381257
0,14882.0,133.53333333333333,115.0,92.49639031995909
0,14896.0,133.8,120.0,96.80096418252593
0,14909.0,116.46666666666667,126.0,57.01913908699625
0,14915.0,108.86666666666666,126.0,59.737053455586135
0,14920.0,113.86666666666666,131.0,59.737053455586135
0,14937.0,117.11764705882354,129.0,67.57643372111072
0,14939.0,119.11764705882354,131.0,67.57643372111072
0,14942.0,116.5,121.5,65.69246532137457
0,14948.0,129.06666666666666,140.0,62.556072624663884
0,14950.0,131.06666666666666,142.0,62.556072624663884
0,14952.0,133.06666666666666,144.0,62.556072624663884
0,14973.0,141.57142857142858,150.5,73.58543555983489
0,14981.0,149.57142857142858,158.5,73.58543555983489
0,14983.0,151.57142857142858,160.5,73.58543555983489
0,14993.0,131.66666666666666,128.5,76.76406856220052
0,15000.0,128.53846153846155,112.0,81.67253128723209
